t_s,a_g
0.000000,0.000000
0.002000,0.000001
0.004000,0.000003
0.006000,0.000008
0.008000,0.000015
0.010000,0.000021
0.012000,0.000033
0.014000,0.000051
0.016000,0.000067
0.018000,0.000083
0.020000,0.000117
0.022000,0.000132
0.024000,0.000163
0.026000,0.000189
0.028000,0.000213
0.030000,0.000275
0.032000,0.000289
0.034000,0.000397
0.036000,0.000396
0.038000,0.000423
0.040000,0.000486
0.042000,0.000584
0.044000,0.000722
0.046000,0.000802
0.048000,0.000831
0.050000,0.001023
0.052000,0.001077
0.054000,0.001100
0.056000,0.001239
0.058000,0.001254
0.060000,0.001283
0.062000,0.001674
0.064000,0.001805
0.066000,0.002013
0.068000,0.001877
0.070000,0.001930
0.072000,0.002304
0.074000,0.002421
0.076000,0.002444
0.078000,0.002729
0.080000,0.002765
0.082000,0.002730
0.084000,0.002842
0.086000,0.003230
0.088000,0.003228
0.090000,0.003171
0.092000,0.003204
0.094000,0.003427
0.096000,0.003128
0.098000,0.003133
0.100000,0.003228
0.102000,0.003456
0.104000,0.003502
0.106000,0.003302
0.108000,0.003567
0.110000,0.003911
0.112000,0.003897
0.114000,0.003571
0.116000,0.003670
0.118000,0.003898
0.120000,0.004296
0.122000,0.003786
0.124000,0.004408
0.126000,0.004208
0.128000,0.004397
0.130000,0.005109
0.132000,0.004692
0.134000,0.004867
0.136000,0.005043
0.138000,0.005214
0.140000,0.005981
0.142000,0.005201
0.144000,0.005697
0.146000,0.006632
0.148000,0.006060
0.150000,0.007230
0.152000,0.006164
0.154000,0.006533
0.156000,0.006963
0.158000,0.007381
0.160000,0.007706
0.162000,0.008178
0.164000,0.008034
0.166000,0.008809
0.168000,0.008831
0.170000,0.008859
0.172000,0.009983
0.174000,0.009432
0.176000,0.008662
0.178000,0.008946
0.180000,0.009106
0.182000,0.009242
0.184000,0.009787
0.186000,0.009950
0.188000,0.009818
0.190000,0.010927
0.192000,0.010084
0.194000,0.011412
0.196000,0.012016
0.198000,0.012337
0.200000,0.012236
0.202000,0.012616
0.204000,0.013030
0.206000,0.014628
0.208000,0.013134
0.210000,0.013563
0.212000,0.015226
0.214000,0.016092
0.216000,0.015871
0.218000,0.016876
0.220000,0.016374
0.222000,0.019067
0.224000,0.020222
0.226000,0.020043
0.228000,0.018785
0.230000,0.023939
0.232000,0.021528
0.234000,0.023387
0.236000,0.023468
0.238000,0.024452
0.240000,0.024598
0.242000,0.028028
0.244000,0.025319
0.246000,0.026363
0.248000,0.026239
0.250000,0.026921
0.252000,0.026846
0.254000,0.028855
0.256000,0.027796
0.258000,0.028434
0.260000,0.026656
0.262000,0.026467
0.264000,0.026875
0.266000,0.026742
0.268000,0.026045
0.270000,0.027825
0.272000,0.026212
0.274000,0.024045
0.276000,0.025082
0.278000,0.023578
0.280000,0.023928
0.282000,0.025355
0.284000,0.022512
0.286000,0.022773
0.288000,0.020223
0.290000,0.022500
0.292000,0.022996
0.294000,0.020569
0.296000,0.020626
0.298000,0.017187
0.300000,0.020313
0.302000,0.019860
0.304000,0.020524
0.306000,0.019895
0.308000,0.016877
0.310000,0.019125
0.312000,0.017068
0.314000,0.018190
0.316000,0.017289
0.318000,0.013884
0.320000,0.014256
0.322000,0.014511
0.324000,0.015844
0.326000,0.011559
0.328000,0.010860
0.330000,0.007835
0.332000,0.008113
0.334000,0.007694
0.336000,0.003773
0.338000,0.001639
0.340000,-0.000959
0.342000,-0.003374
0.344000,-0.006049
0.346000,-0.004206
0.348000,-0.006535
0.350000,-0.008993
0.352000,-0.010690
0.354000,-0.013364
0.356000,-0.014490
0.358000,-0.016783
0.360000,-0.021276
0.362000,-0.023140
0.364000,-0.018573
0.366000,-0.022351
0.368000,-0.027904
0.370000,-0.030345
0.372000,-0.029550
0.374000,-0.033397
0.376000,-0.031222
0.378000,-0.035538
0.380000,-0.036304
0.382000,-0.039621
0.384000,-0.037370
0.386000,-0.038441
0.388000,-0.038401
0.390000,-0.039619
0.392000,-0.039265
0.394000,-0.039074
0.396000,-0.037100
0.398000,-0.041449
0.400000,-0.039370
0.402000,-0.040811
0.404000,-0.039200
0.406000,-0.044738
0.408000,-0.043274
0.410000,-0.042346
0.412000,-0.042442
0.414000,-0.044616
0.416000,-0.045520
0.418000,-0.051726
0.420000,-0.048547
0.422000,-0.051196
0.424000,-0.048084
0.426000,-0.050750
0.428000,-0.053314
0.430000,-0.054572
0.432000,-0.055258
0.434000,-0.053782
0.436000,-0.054133
0.438000,-0.052569
0.440000,-0.053791
0.442000,-0.058182
0.444000,-0.056613
0.446000,-0.057814
0.448000,-0.056618
0.450000,-0.058311
0.452000,-0.058734
0.454000,-0.054406
0.456000,-0.058131
0.458000,-0.054239
0.460000,-0.051147
0.462000,-0.050393
0.464000,-0.051212
0.466000,-0.049127
0.468000,-0.045544
0.470000,-0.045415
0.472000,-0.043390
0.474000,-0.044067
0.476000,-0.044125
0.478000,-0.041833
0.480000,-0.041019
0.482000,-0.039335
0.484000,-0.036795
0.486000,-0.040733
0.488000,-0.034955
0.490000,-0.033267
0.492000,-0.034436
0.494000,-0.034717
0.496000,-0.034417
0.498000,-0.030351
0.500000,-0.031477
0.502000,-0.030255
0.504000,-0.034541
0.506000,-0.028117
0.508000,-0.034784
0.510000,-0.029200
0.512000,-0.032593
0.514000,-0.032119
0.516000,-0.032097
0.518000,-0.031550
0.520000,-0.027214
0.522000,-0.033047
0.524000,-0.031839
0.526000,-0.029634
0.528000,-0.032408
0.530000,-0.028494
0.532000,-0.032458
0.534000,-0.032661
0.536000,-0.028435
0.538000,-0.028626
0.540000,-0.031582
0.542000,-0.027691
0.544000,-0.030542
0.546000,-0.030213
0.548000,-0.027425
0.550000,-0.030679
0.552000,-0.030987
0.554000,-0.025148
0.556000,-0.029021
0.558000,-0.026269
0.560000,-0.022381
0.562000,-0.027291
0.564000,-0.024793
0.566000,-0.025096
0.568000,-0.022568
0.570000,-0.024982
0.572000,-0.025010
0.574000,-0.027177
0.576000,-0.025665
0.578000,-0.029683
0.580000,-0.028079
0.582000,-0.027200
0.584000,-0.028278
0.586000,-0.025377
0.588000,-0.028269
0.590000,-0.029225
0.592000,-0.030053
0.594000,-0.028915
0.596000,-0.033020
0.598000,-0.030356
0.600000,-0.030687
0.602000,-0.033891
0.604000,-0.035577
0.606000,-0.035837
0.608000,-0.035852
0.610000,-0.036957
0.612000,-0.037237
0.614000,-0.038014
0.616000,-0.038999
0.618000,-0.034148
0.620000,-0.037790
0.622000,-0.037884
0.624000,-0.040611
0.626000,-0.036477
0.628000,-0.036817
0.630000,-0.035678
0.632000,-0.035522
0.634000,-0.034320
0.636000,-0.034690
0.638000,-0.028784
0.640000,-0.027892
0.642000,-0.029489
0.644000,-0.030838
0.646000,-0.026628
0.648000,-0.028578
0.650000,-0.024989
0.652000,-0.024803
0.654000,-0.018729
0.656000,-0.019758
0.658000,-0.020885
0.660000,-0.017672
0.662000,-0.020186
0.664000,-0.014709
0.666000,-0.017876
0.668000,-0.014371
0.670000,-0.015194
0.672000,-0.014533
0.674000,-0.014557
0.676000,-0.011722
0.678000,-0.011038
0.680000,-0.008276
0.682000,-0.006838
0.684000,-0.006644
0.686000,-0.002281
0.688000,-0.003105
0.690000,-0.003618
0.692000,-0.002906
0.694000,-0.000495
0.696000,-0.003479
0.698000,0.002116
0.700000,0.001122
0.702000,0.005977
0.704000,0.006320
0.706000,0.009435
0.708000,0.010979
0.710000,0.011132
0.712000,0.011541
0.714000,0.020061
0.716000,0.017136
0.718000,0.019347
0.720000,0.022160
0.722000,0.026927
0.724000,0.025725
0.726000,0.032998
0.728000,0.031311
0.730000,0.037506
0.732000,0.039460
0.734000,0.040758
0.736000,0.040337
0.738000,0.047708
0.740000,0.049046
0.742000,0.048618
0.744000,0.048675
0.746000,0.051022
0.748000,0.051483
0.750000,0.054062
0.752000,0.055405
0.754000,0.056274
0.756000,0.054553
0.758000,0.055974
0.760000,0.057448
0.762000,0.056824
0.764000,0.058697
0.766000,0.057226
0.768000,0.060585
0.770000,0.057779
0.772000,0.059278
0.774000,0.058012
0.776000,0.059769
0.778000,0.060500
0.780000,0.062415
0.782000,0.058343
0.784000,0.058065
0.786000,0.061433
0.788000,0.060508
0.790000,0.060778
0.792000,0.062832
0.794000,0.061702
0.796000,0.061388
0.798000,0.063180
0.800000,0.060801
0.802000,0.065069
0.804000,0.067719
0.806000,0.064273
0.808000,0.064685
0.810000,0.065111
0.812000,0.064294
0.814000,0.063538
0.816000,0.065985
0.818000,0.064727
0.820000,0.065323
0.822000,0.063028
0.824000,0.063242
0.826000,0.065866
0.828000,0.060656
0.830000,0.060299
0.832000,0.055783
0.834000,0.055340
0.836000,0.057973
0.838000,0.057874
0.840000,0.053073
0.842000,0.052468
0.844000,0.048614
0.846000,0.050243
0.848000,0.046610
0.850000,0.044970
0.852000,0.042242
0.854000,0.044221
0.856000,0.040702
0.858000,0.037289
0.860000,0.035440
0.862000,0.037037
0.864000,0.035599
0.866000,0.032470
0.868000,0.032069
0.870000,0.027568
0.872000,0.029948
0.874000,0.028921
0.876000,0.029949
0.878000,0.027396
0.880000,0.028003
0.882000,0.027833
0.884000,0.027061
0.886000,0.025964
0.888000,0.026535
0.890000,0.020360
0.892000,0.021334
0.894000,0.023097
0.896000,0.023144
0.898000,0.024174
0.900000,0.024229
0.902000,0.023691
0.904000,0.021070
0.906000,0.022800
0.908000,0.021446
0.910000,0.021706
0.912000,0.022740
0.914000,0.018045
0.916000,0.022347
0.918000,0.016734
0.920000,0.018687
0.922000,0.014416
0.924000,0.019058
0.926000,0.017667
0.928000,0.015667
0.930000,0.013332
0.932000,0.016603
0.934000,0.011817
0.936000,0.013545
0.938000,0.016243
0.940000,0.012068
0.942000,0.009542
0.944000,0.012414
0.946000,0.006520
0.948000,0.008692
0.950000,0.008925
0.952000,0.012559
0.954000,0.013676
0.956000,0.010332
0.958000,0.011583
0.960000,0.008660
0.962000,0.010705
0.964000,0.009592
0.966000,0.007360
0.968000,0.013706
0.970000,0.011650
0.972000,0.015900
0.974000,0.013896
0.976000,0.014257
0.978000,0.014977
0.980000,0.016876
0.982000,0.016845
0.984000,0.013318
0.986000,0.017093
0.988000,0.020473
0.990000,0.018348
0.992000,0.018718
0.994000,0.019958
0.996000,0.017368
0.998000,0.017113
1.000000,0.020186
1.002000,0.015845
1.004000,0.018054
1.006000,0.016683
1.008000,0.015978
1.010000,0.013476
1.012000,0.012674
1.014000,0.014418
1.016000,0.010969
1.018000,0.012141
1.020000,0.008411
1.022000,0.006159
1.024000,0.005180
1.026000,0.006092
1.028000,0.002382
1.030000,0.001181
1.032000,0.001232
1.034000,0.004212
1.036000,-0.001188
1.038000,-0.001046
1.040000,-0.002013
1.042000,-0.001290
1.044000,-0.004292
1.046000,-0.003143
1.048000,-0.004674
1.050000,-0.007418
1.052000,-0.009576
1.054000,-0.007250
1.056000,-0.008757
1.058000,-0.013648
1.060000,-0.011929
1.062000,-0.011150
1.064000,-0.015191
1.066000,-0.014049
1.068000,-0.015784
1.070000,-0.014363
1.072000,-0.020894
1.074000,-0.018527
1.076000,-0.019859
1.078000,-0.023293
1.080000,-0.023682
1.082000,-0.029774
1.084000,-0.023586
1.086000,-0.030065
1.088000,-0.031163
1.090000,-0.031117
1.092000,-0.038545
1.094000,-0.039027
1.096000,-0.042728
1.098000,-0.040351
1.100000,-0.043911
1.102000,-0.046731
1.104000,-0.048004
1.106000,-0.053439
1.108000,-0.051666
1.110000,-0.055603
1.112000,-0.058665
1.114000,-0.057566
1.116000,-0.058228
1.118000,-0.061117
1.120000,-0.059665
1.122000,-0.060648
1.124000,-0.061818
1.126000,-0.063553
1.128000,-0.066219
1.130000,-0.063050
1.132000,-0.065155
1.134000,-0.067907
1.136000,-0.069915
1.138000,-0.068608
1.140000,-0.067398
1.142000,-0.066184
1.144000,-0.064776
1.146000,-0.071282
1.148000,-0.067586
1.150000,-0.064006
1.152000,-0.061246
1.154000,-0.067180
1.156000,-0.061924
1.158000,-0.066532
1.160000,-0.061928
1.162000,-0.067607
1.164000,-0.069914
1.166000,-0.061292
1.168000,-0.066918
1.170000,-0.068802
1.172000,-0.065996
1.174000,-0.063706
1.176000,-0.065041
1.178000,-0.067474
1.180000,-0.062385
1.182000,-0.067731
1.184000,-0.066141
1.186000,-0.060725
1.188000,-0.066678
1.190000,-0.065726
1.192000,-0.066171
1.194000,-0.063334
1.196000,-0.062580
1.198000,-0.060408
1.200000,-0.059890
1.202000,-0.056665
1.204000,-0.059190
1.206000,-0.056863
1.208000,-0.055667
1.210000,-0.056863
1.212000,-0.050050
1.214000,-0.049718
1.216000,-0.048487
1.218000,-0.049349
1.220000,-0.043574
1.222000,-0.040179
1.224000,-0.041946
1.226000,-0.038965
1.228000,-0.034148
1.230000,-0.031596
1.232000,-0.034531
1.234000,-0.030292
1.236000,-0.028466
1.238000,-0.029368
1.240000,-0.024750
1.242000,-0.025256
1.244000,-0.019868
1.246000,-0.021229
1.248000,-0.021899
1.250000,-0.017932
1.252000,-0.013830
1.254000,-0.010329
1.256000,-0.017080
1.258000,-0.014677
1.260000,-0.012819
1.262000,-0.011871
1.264000,-0.010303
1.266000,-0.011246
1.268000,-0.006181
1.270000,-0.005936
1.272000,-0.010493
1.274000,-0.007075
1.276000,-0.003812
1.278000,-0.010393
1.280000,-0.008614
1.282000,-0.009593
1.284000,-0.004405
1.286000,-0.005619
1.288000,-0.005901
1.290000,-0.002787
1.292000,-0.001064
1.294000,-0.005421
1.296000,-0.000790
1.298000,-0.004542
1.300000,-0.003067
1.302000,0.000698
1.304000,-0.000227
1.306000,0.005041
1.308000,0.002281
1.310000,0.006699
1.312000,0.007684
1.314000,0.008094
1.316000,0.006972
1.318000,0.006830
1.320000,0.009237
1.322000,0.007322
1.324000,0.008930
1.326000,0.010715
1.328000,0.011801
1.330000,0.010380
1.332000,0.010508
1.334000,0.005273
1.336000,0.005494
1.338000,0.008450
1.340000,0.006667
1.342000,0.005620
1.344000,0.006085
1.346000,0.001228
1.348000,0.005918
1.350000,0.002344
1.352000,-0.000044
1.354000,0.003328
1.356000,0.000887
1.358000,-0.000729
1.360000,0.000559
1.362000,0.000649
1.364000,0.002397
1.366000,-0.001479
1.368000,0.000815
1.370000,0.000365
1.372000,-0.002564
1.374000,-0.000285
1.376000,0.001978
1.378000,0.004396
1.380000,-0.001313
1.382000,0.003066
1.384000,0.004352
1.386000,0.003914
1.388000,0.009270
1.390000,0.008542
1.392000,0.010827
1.394000,0.009899
1.396000,0.010132
1.398000,0.013929
1.400000,0.012811
1.402000,0.008638
1.404000,0.011398
1.406000,0.016725
1.408000,0.016487
1.410000,0.019954
1.412000,0.019763
1.414000,0.021960
1.416000,0.018939
1.418000,0.019982
1.420000,0.019190
1.422000,0.021701
1.424000,0.024976
1.426000,0.021676
1.428000,0.024304
1.430000,0.021917
1.432000,0.024808
1.434000,0.022599
1.436000,0.023915
1.438000,0.020861
1.440000,0.028298
1.442000,0.030916
1.444000,0.028730
1.446000,0.030277
1.448000,0.032048
1.450000,0.030146
1.452000,0.031095
1.454000,0.034804
1.456000,0.035257
1.458000,0.031679
1.460000,0.040966
1.462000,0.038778
1.464000,0.041144
1.466000,0.042618
1.468000,0.048672
1.470000,0.051546
1.472000,0.044286
1.474000,0.050945
1.476000,0.054206
1.478000,0.056417
1.480000,0.056593
1.482000,0.057906
1.484000,0.059203
1.486000,0.061050
1.488000,0.064874
1.490000,0.064699
1.492000,0.068093
1.494000,0.068301
1.496000,0.065109
1.498000,0.067751
1.500000,0.065128
1.502000,0.068621
1.504000,0.067371
1.506000,0.068731
1.508000,0.070200
1.510000,0.065039
1.512000,0.065021
1.514000,0.069053
1.516000,0.068880
1.518000,0.068033
1.520000,0.068379
1.522000,0.068509
1.524000,0.066404
1.526000,0.068057
1.528000,0.064840
1.530000,0.064579
1.532000,0.060580
1.534000,0.063647
1.536000,0.065617
1.538000,0.064304
1.540000,0.066113
1.542000,0.059009
1.544000,0.063184
1.546000,0.063485
1.548000,0.060532
1.550000,0.058578
1.552000,0.060734
1.554000,0.058850
1.556000,0.060193
1.558000,0.057528
1.560000,0.058240
1.562000,0.055806
1.564000,0.059016
1.566000,0.052903
1.568000,0.051547
1.570000,0.054574
1.572000,0.050848
1.574000,0.051532
1.576000,0.048830
1.578000,0.047380
1.580000,0.043150
1.582000,0.048986
1.584000,0.042861
1.586000,0.038216
1.588000,0.038170
1.590000,0.036997
1.592000,0.035588
1.594000,0.032800
1.596000,0.029826
1.598000,0.024258
1.600000,0.024581
1.602000,0.018261
1.604000,0.021068
1.606000,0.018968
1.608000,0.016380
1.610000,0.015375
1.612000,0.009489
1.614000,0.011744
1.616000,0.006025
1.618000,0.004239
1.620000,0.005866
1.622000,0.002134
1.624000,0.004261
1.626000,0.002062
1.628000,-0.000406
1.630000,0.000933
1.632000,-0.003055
1.634000,-0.001311
1.636000,-0.004470
1.638000,-0.009051
1.640000,-0.004652
1.642000,-0.006441
1.644000,-0.003892
1.646000,-0.004603
1.648000,-0.006853
1.650000,-0.006900
1.652000,-0.012875
1.654000,-0.012433
1.656000,-0.011067
1.658000,-0.011058
1.660000,-0.009978
1.662000,-0.015728
1.664000,-0.011901
1.666000,-0.016988
1.668000,-0.016224
1.670000,-0.020981
1.672000,-0.018652
1.674000,-0.019516
1.676000,-0.020643
1.678000,-0.023144
1.680000,-0.019380
1.682000,-0.019490
1.684000,-0.022857
1.686000,-0.023034
1.688000,-0.028402
1.690000,-0.030058
1.692000,-0.026197
1.694000,-0.028647
1.696000,-0.027554
1.698000,-0.024654
1.700000,-0.028035
1.702000,-0.031613
1.704000,-0.030488
1.706000,-0.027211
1.708000,-0.027282
1.710000,-0.026283
1.712000,-0.026407
1.714000,-0.027489
1.716000,-0.025570
1.718000,-0.025280
1.720000,-0.025351
1.722000,-0.023298
1.724000,-0.022744
1.726000,-0.022141
1.728000,-0.022041
1.730000,-0.020700
1.732000,-0.022051
1.734000,-0.020820
1.736000,-0.020550
1.738000,-0.016782
1.740000,-0.017384
1.742000,-0.017387
1.744000,-0.016805
1.746000,-0.019502
1.748000,-0.018992
1.750000,-0.016202
1.752000,-0.017962
1.754000,-0.018268
1.756000,-0.020809
1.758000,-0.019873
1.760000,-0.019599
1.762000,-0.021044
1.764000,-0.023101
1.766000,-0.020761
1.768000,-0.022696
1.770000,-0.019427
1.772000,-0.022561
1.774000,-0.024443
1.776000,-0.025265
1.778000,-0.026842
1.780000,-0.029400
1.782000,-0.029240
1.784000,-0.031223
1.786000,-0.028769
1.788000,-0.027633
1.790000,-0.030066
1.792000,-0.029498
1.794000,-0.032408
1.796000,-0.031276
1.798000,-0.033353
1.800000,-0.031926
1.802000,-0.030663
1.804000,-0.033059
1.806000,-0.031625
1.808000,-0.030711
1.810000,-0.031908
1.812000,-0.031524
1.814000,-0.033298
1.816000,-0.033078
1.818000,-0.036244
1.820000,-0.034250
1.822000,-0.035833
1.824000,-0.033101
1.826000,-0.036959
1.828000,-0.038767
1.830000,-0.038346
1.832000,-0.041826
1.834000,-0.041964
1.836000,-0.042010
1.838000,-0.047305
1.840000,-0.045870
1.842000,-0.046317
1.844000,-0.047518
1.846000,-0.048623
1.848000,-0.049147
1.850000,-0.055392
1.852000,-0.056736
1.854000,-0.057947
1.856000,-0.058497
1.858000,-0.061477
1.860000,-0.061909
1.862000,-0.062212
1.864000,-0.062945
1.866000,-0.063122
1.868000,-0.060620
1.870000,-0.059264
1.872000,-0.064378
1.874000,-0.065391
1.876000,-0.066215
1.878000,-0.061112
1.880000,-0.062130
1.882000,-0.063407
1.884000,-0.061997
1.886000,-0.058960
1.888000,-0.065718
1.890000,-0.060140
1.892000,-0.059715
1.894000,-0.058460
1.896000,-0.061021
1.898000,-0.057665
1.900000,-0.056775
1.902000,-0.053883
1.904000,-0.058426
1.906000,-0.052584
1.908000,-0.051065
1.910000,-0.055378
1.912000,-0.053006
1.914000,-0.047475
1.916000,-0.053557
1.918000,-0.049508
1.920000,-0.048099
1.922000,-0.048460
1.924000,-0.050432
1.926000,-0.049290
1.928000,-0.045990
1.930000,-0.047846
1.932000,-0.046500
1.934000,-0.047579
1.936000,-0.044277
1.938000,-0.043556
1.940000,-0.043646
1.942000,-0.041870
1.944000,-0.042192
1.946000,-0.039610
1.948000,-0.038567
1.950000,-0.035885
1.952000,-0.031856
1.954000,-0.032892
1.956000,-0.033680
1.958000,-0.024923
1.960000,-0.029894
1.962000,-0.024771
1.964000,-0.019233
1.966000,-0.020151
1.968000,-0.014545
1.970000,-0.012704
1.972000,-0.011709
1.974000,-0.010975
1.976000,-0.004634
1.978000,-0.002271
1.980000,-0.002754
1.982000,-0.001145
1.984000,0.000405
1.986000,0.004344
1.988000,0.004119
1.990000,0.010589
1.992000,0.013542
1.994000,0.011635
1.996000,0.016675
1.998000,0.022094
2.000000,0.012618
2.002000,0.023414
2.004000,0.020872
2.006000,0.017837
2.008000,0.024743
2.010000,0.021914
2.012000,0.021673
2.014000,0.022163
2.016000,0.022733
2.018000,0.027091
2.020000,0.027482
2.022000,0.028904
2.024000,0.027277
2.026000,0.032761
2.028000,0.029138
2.030000,0.032134
2.032000,0.032259
2.034000,0.034854
2.036000,0.031444
2.038000,0.034380
2.040000,0.034289
2.042000,0.034253
2.044000,0.033276
2.046000,0.034723
2.048000,0.033833
2.050000,0.040991
2.052000,0.036513
2.054000,0.040118
2.056000,0.040774
2.058000,0.040870
2.060000,0.042272
2.062000,0.040876
2.064000,0.044446
2.066000,0.040215
2.068000,0.043378
2.070000,0.045963
2.072000,0.046137
2.074000,0.044044
2.076000,0.047193
2.078000,0.043423
2.080000,0.041694
2.082000,0.044817
2.084000,0.045056
2.086000,0.046018
2.088000,0.040270
2.090000,0.037666
2.092000,0.037513
2.094000,0.040040
2.096000,0.034661
2.098000,0.037610
2.100000,0.036571
2.102000,0.032261
2.104000,0.035969
2.106000,0.033901
2.108000,0.034157
2.110000,0.030297
2.112000,0.034342
2.114000,0.030946
2.116000,0.028286
2.118000,0.032720
2.120000,0.028348
2.122000,0.026595
2.124000,0.027857
2.126000,0.027297
2.128000,0.029002
2.130000,0.029821
2.132000,0.024958
2.134000,0.029251
2.136000,0.026969
2.138000,0.028653
2.140000,0.031765
2.142000,0.034160
2.144000,0.030337
2.146000,0.031452
2.148000,0.034049
2.150000,0.033157
2.152000,0.035789
2.154000,0.033136
2.156000,0.031492
2.158000,0.032653
2.160000,0.035044
2.162000,0.036763
2.164000,0.038722
2.166000,0.036750
2.168000,0.033130
2.170000,0.037248
2.172000,0.031901
2.174000,0.034071
2.176000,0.033802
2.178000,0.031775
2.180000,0.035597
2.182000,0.030011
2.184000,0.036060
2.186000,0.031797
2.188000,0.034591
2.190000,0.035279
2.192000,0.036271
2.194000,0.031217
2.196000,0.032742
2.198000,0.032733
2.200000,0.030726
2.202000,0.034333
2.204000,0.034731
2.206000,0.034727
2.208000,0.040267
2.210000,0.039889
2.212000,0.037420
2.214000,0.040303
2.216000,0.040702
2.218000,0.042852
2.220000,0.041159
2.222000,0.046207
2.224000,0.043365
2.226000,0.043859
2.228000,0.046822
2.230000,0.050886
2.232000,0.050231
2.234000,0.050512
2.236000,0.052416
2.238000,0.053716
2.240000,0.053606
2.242000,0.054971
2.244000,0.056381
2.246000,0.056318
2.248000,0.051076
2.250000,0.054111
2.252000,0.053681
2.254000,0.052200
2.256000,0.054425
2.258000,0.051134
2.260000,0.049139
2.262000,0.051099
2.264000,0.047665
2.266000,0.049462
2.268000,0.045752
2.270000,0.046842
2.272000,0.044718
2.274000,0.046822
2.276000,0.044274
2.278000,0.040128
2.280000,0.041711
2.282000,0.038206
2.284000,0.037413
2.286000,0.039859
2.288000,0.035688
2.290000,0.034932
2.292000,0.030763
2.294000,0.035820
2.296000,0.033419
2.298000,0.028763
2.300000,0.032446
2.302000,0.030630
2.304000,0.030484
2.306000,0.029107
2.308000,0.028481
2.310000,0.029373
2.312000,0.026090
2.314000,0.026010
2.316000,0.025930
2.318000,0.022980
2.320000,0.018935
2.322000,0.020706
2.324000,0.013927
2.326000,0.014771
2.328000,0.012118
2.330000,0.007957
2.332000,0.010283
2.334000,0.007578
2.336000,0.003656
2.338000,0.004180
2.340000,-0.000523
2.342000,-0.002996
2.344000,-0.007742
2.346000,-0.007147
2.348000,-0.008459
2.350000,-0.007986
2.352000,-0.011576
2.354000,-0.014814
2.356000,-0.018388
2.358000,-0.022542
2.360000,-0.022907
2.362000,-0.021906
2.364000,-0.032992
2.366000,-0.032697
2.368000,-0.030441
2.370000,-0.031397
2.372000,-0.033550
2.374000,-0.033372
2.376000,-0.039624
2.378000,-0.037538
2.380000,-0.039374
2.382000,-0.040354
2.384000,-0.042928
2.386000,-0.045529
2.388000,-0.044838
2.390000,-0.046081
2.392000,-0.046140
2.394000,-0.044014
2.396000,-0.043473
2.398000,-0.048410
2.400000,-0.045098
2.402000,-0.045595
2.404000,-0.048550
2.406000,-0.045008
2.408000,-0.050551
2.410000,-0.048036
2.412000,-0.049930
2.414000,-0.048492
2.416000,-0.049330
2.418000,-0.055109
2.420000,-0.048804
2.422000,-0.051124
2.424000,-0.055824
2.426000,-0.053768
2.428000,-0.052278
2.430000,-0.053742
2.432000,-0.057953
2.434000,-0.058501
2.436000,-0.056066
2.438000,-0.057401
2.440000,-0.057107
2.442000,-0.062002
2.444000,-0.057219
2.446000,-0.058618
2.448000,-0.059595
2.450000,-0.058115
2.452000,-0.056700
2.454000,-0.058351
2.456000,-0.056091
2.458000,-0.055035
2.460000,-0.056761
2.462000,-0.051475
2.464000,-0.050055
2.466000,-0.047737
2.468000,-0.044277
2.470000,-0.047332
2.472000,-0.051494
2.474000,-0.045731
2.476000,-0.042954
2.478000,-0.040688
2.480000,-0.039886
2.482000,-0.040522
2.484000,-0.040700
2.486000,-0.039774
2.488000,-0.036662
2.490000,-0.036974
2.492000,-0.033036
2.494000,-0.036165
2.496000,-0.034901
2.498000,-0.032336
2.500000,-0.029796
2.502000,-0.033651
2.504000,-0.030051
2.506000,-0.033782
2.508000,-0.034506
2.510000,-0.027784
2.512000,-0.033141
2.514000,-0.033661
2.516000,-0.033109
2.518000,-0.033621
2.520000,-0.032728
2.522000,-0.032263
2.524000,-0.026831
2.526000,-0.032208
2.528000,-0.028980
2.530000,-0.034147
2.532000,-0.028052
2.534000,-0.031512
2.536000,-0.028516
2.538000,-0.031757
2.540000,-0.028519
2.542000,-0.027922
2.544000,-0.030892
2.546000,-0.032318
2.548000,-0.027291
2.550000,-0.030012
2.552000,-0.028691
2.554000,-0.028933
2.556000,-0.026574
2.558000,-0.025570
2.560000,-0.025172
2.562000,-0.025060
2.564000,-0.025510
2.566000,-0.026263
2.568000,-0.026617
2.570000,-0.025644
2.572000,-0.026772
2.574000,-0.023272
2.576000,-0.023572
2.578000,-0.027038
2.580000,-0.022315
2.582000,-0.025999
2.584000,-0.029819
2.586000,-0.028209
2.588000,-0.029046
2.590000,-0.028220
2.592000,-0.029792
2.594000,-0.031160
2.596000,-0.034045
2.598000,-0.032751
2.600000,-0.034225
2.602000,-0.033652
2.604000,-0.034552
2.606000,-0.035690
2.608000,-0.037230
2.610000,-0.036693
2.612000,-0.034544
2.614000,-0.040280
2.616000,-0.035446
2.618000,-0.032713
2.620000,-0.038347
2.622000,-0.037806
2.624000,-0.038079
2.626000,-0.037549
2.628000,-0.034973
2.630000,-0.038747
2.632000,-0.032332
2.634000,-0.030988
2.636000,-0.035369
2.638000,-0.033516
2.640000,-0.029050
2.642000,-0.029128
2.644000,-0.024958
2.646000,-0.026840
2.648000,-0.025898
2.650000,-0.024445
2.652000,-0.022830
2.654000,-0.024281
2.656000,-0.021648
2.658000,-0.020094
2.660000,-0.018054
2.662000,-0.018904
2.664000,-0.019060
2.666000,-0.017383
2.668000,-0.017900
2.670000,-0.014001
2.672000,-0.009982
2.674000,-0.015833
2.676000,-0.011966
2.678000,-0.012000
2.680000,-0.006320
2.682000,-0.008868
2.684000,-0.010218
2.686000,-0.004746
2.688000,-0.008670
2.690000,-0.003907
2.692000,-0.004045
2.694000,-0.003497
2.696000,-0.000642
2.698000,-0.000025
2.700000,-0.000532
2.702000,-0.000809
2.704000,0.008611
2.706000,0.008033
2.708000,0.010427
2.710000,0.010358
2.712000,0.014524
2.714000,0.017455
2.716000,0.020065
2.718000,0.018006
2.720000,0.025315
2.722000,0.025315
2.724000,0.027463
2.726000,0.031465
2.728000,0.035703
2.730000,0.035705
2.732000,0.036869
2.734000,0.041917
2.736000,0.041479
2.738000,0.044246
2.740000,0.043662
2.742000,0.048879
2.744000,0.050174
2.746000,0.052143
2.748000,0.049679
2.750000,0.053238
2.752000,0.056126
2.754000,0.055372
2.756000,0.056839
2.758000,0.053332
2.760000,0.057856
2.762000,0.063996
2.764000,0.055652
2.766000,0.056357
2.768000,0.056767
2.770000,0.059014
2.772000,0.058623
2.774000,0.062209
2.776000,0.062504
2.778000,0.058745
2.780000,0.056872
2.782000,0.057614
2.784000,0.057728
2.786000,0.062839
2.788000,0.061485
2.790000,0.062371
2.792000,0.061727
2.794000,0.062330
2.796000,0.060927
2.798000,0.064991
2.800000,0.060716
2.802000,0.062215
2.804000,0.062485
2.806000,0.062075
2.808000,0.064244
2.810000,0.064551
2.812000,0.066767
2.814000,0.065061
2.816000,0.063076
2.818000,0.062795
2.820000,0.066000
2.822000,0.061134
2.824000,0.062398
2.826000,0.064140
2.828000,0.060876
2.830000,0.062234
2.832000,0.058550
2.834000,0.058271
2.836000,0.054985
2.838000,0.053162
2.840000,0.056858
2.842000,0.053336
2.844000,0.049747
2.846000,0.048817
2.848000,0.046401
2.850000,0.046301
2.852000,0.040340
2.854000,0.043320
2.856000,0.042409
2.858000,0.040035
2.860000,0.038412
2.862000,0.035484
2.864000,0.033922
2.866000,0.031754
2.868000,0.033285
2.870000,0.030287
2.872000,0.029945
2.874000,0.025368
2.876000,0.026857
2.878000,0.025415
2.880000,0.023899
2.882000,0.026273
2.884000,0.026572
2.886000,0.028013
2.888000,0.025533
2.890000,0.021377
2.892000,0.027189
2.894000,0.022530
2.896000,0.023533
2.898000,0.020991
2.900000,0.023610
2.902000,0.021714
2.904000,0.024069
2.906000,0.023456
2.908000,0.021148
2.910000,0.024356
2.912000,0.019161
2.914000,0.021840
2.916000,0.019340
2.918000,0.021746
2.920000,0.019398
2.922000,0.015669
2.924000,0.020586
2.926000,0.019751
2.928000,0.015698
2.930000,0.016318
2.932000,0.013986
2.934000,0.013575
2.936000,0.016544
2.938000,0.009271
2.940000,0.009601
2.942000,0.009872
2.944000,0.009667
2.946000,0.013683
2.948000,0.012753
2.950000,0.008842
2.952000,0.010970
2.954000,0.007662
2.956000,0.008647
2.958000,0.008407
2.960000,0.009324
2.962000,0.010399
2.964000,0.011412
2.966000,0.010175
2.968000,0.012065
2.970000,0.014360
2.972000,0.015116
2.974000,0.013418
2.976000,0.014155
2.978000,0.014811
2.980000,0.021549
2.982000,0.013990
2.984000,0.018380
2.986000,0.016323
2.988000,0.019585
2.990000,0.019013
2.992000,0.016109
2.994000,0.018902
2.996000,0.016704
2.998000,0.017059
3.000000,0.020048
3.002000,0.013035
3.004000,0.012340
3.006000,0.016364
3.008000,0.014205
3.010000,0.010594
3.012000,0.014261
3.014000,0.010144
3.016000,0.010622
3.018000,0.007944
3.020000,0.011723
3.022000,0.006730
3.024000,0.005610
3.026000,0.007093
3.028000,0.004860
3.030000,0.001666
3.032000,0.001598
3.034000,0.000612
3.036000,0.001679
3.038000,0.000234
3.040000,-0.003589
3.042000,-0.001010
3.044000,-0.005679
3.046000,-0.002504
3.048000,-0.004411
3.050000,-0.007472
3.052000,-0.008839
3.054000,-0.008867
3.056000,-0.008938
3.058000,-0.009552
3.060000,-0.009767
3.062000,-0.014139
3.064000,-0.011883
3.066000,-0.016312
3.068000,-0.018031
3.070000,-0.015445
3.072000,-0.015497
3.074000,-0.021650
3.076000,-0.020956
3.078000,-0.022500
3.080000,-0.023798
3.082000,-0.027956
3.084000,-0.028940
3.086000,-0.027410
3.088000,-0.031535
3.090000,-0.033554
3.092000,-0.036087
3.094000,-0.036755
3.096000,-0.041492
3.098000,-0.042654
3.100000,-0.044660
3.102000,-0.047349
3.104000,-0.047693
3.106000,-0.050150
3.108000,-0.050578
3.110000,-0.053699
3.112000,-0.055393
3.114000,-0.057771
3.116000,-0.057831
3.118000,-0.062712
3.120000,-0.060081
3.122000,-0.067204
3.124000,-0.065015
3.126000,-0.063407
3.128000,-0.063808
3.130000,-0.064195
3.132000,-0.067299
3.134000,-0.069565
3.136000,-0.067146
3.138000,-0.067627
3.140000,-0.064360
3.142000,-0.065015
3.144000,-0.063621
3.146000,-0.064867
3.148000,-0.063442
3.150000,-0.067827
3.152000,-0.063593
3.154000,-0.067264
3.156000,-0.065747
3.158000,-0.066590
3.160000,-0.065363
3.162000,-0.066920
3.164000,-0.067464
3.166000,-0.067760
3.168000,-0.063633
3.170000,-0.066801
3.172000,-0.065221
3.174000,-0.067210
3.176000,-0.066496
3.178000,-0.068506
3.180000,-0.065354
3.182000,-0.066700
3.184000,-0.064764
3.186000,-0.062139
3.188000,-0.061289
3.190000,-0.061206
3.192000,-0.061861
3.194000,-0.063400
3.196000,-0.060729
3.198000,-0.056318
3.200000,-0.062166
3.202000,-0.060589
3.204000,-0.054867
3.206000,-0.060099
3.208000,-0.055841
3.210000,-0.052184
3.212000,-0.054728
3.214000,-0.048371
3.216000,-0.050207
3.218000,-0.045315
3.220000,-0.040253
3.222000,-0.041112
3.224000,-0.040276
3.226000,-0.036662
3.228000,-0.035788
3.230000,-0.036102
3.232000,-0.031417
3.234000,-0.032126
3.236000,-0.029972
3.238000,-0.026406
3.240000,-0.022628
3.242000,-0.022673
3.244000,-0.019662
3.246000,-0.018296
3.248000,-0.017186
3.250000,-0.016778
3.252000,-0.017935
3.254000,-0.014271
3.256000,-0.013122
3.258000,-0.014388
3.260000,-0.016816
3.262000,-0.013962
3.264000,-0.013427
3.266000,-0.009701
3.268000,-0.011534
3.270000,-0.008991
3.272000,-0.011661
3.274000,-0.007770
3.276000,-0.007386
3.278000,-0.005994
3.280000,-0.003690
3.282000,-0.004964
3.284000,-0.008957
3.286000,-0.004745
3.288000,-0.010029
3.290000,-0.002648
3.292000,-0.006931
3.294000,-0.003234
3.296000,-0.003655
3.298000,0.000085
3.300000,0.000102
3.302000,0.001259
3.304000,0.001285
3.306000,0.002939
3.308000,0.002961
3.310000,0.003677
3.312000,0.006972
3.314000,0.008975
3.316000,0.005794
3.318000,0.006922
3.320000,0.009329
3.322000,0.011213
3.324000,0.009934
3.326000,0.008939
3.328000,0.005636
3.330000,0.008658
3.332000,0.011690
3.334000,0.010680
3.336000,0.011333
3.338000,0.006710
3.340000,0.011291
3.342000,0.006572
3.344000,0.005592
3.346000,0.007234
3.348000,0.007082
3.350000,0.001427
3.352000,0.000980
3.354000,0.000172
3.356000,0.003084
3.358000,0.003737
3.360000,0.000985
3.362000,0.000610
3.364000,-0.002124
3.366000,-0.000650
3.368000,0.003212
3.370000,-0.002233
3.372000,0.004848
3.374000,0.003095
3.376000,0.004238
3.378000,0.002649
3.380000,0.000315
3.382000,0.000232
3.384000,0.000543
3.386000,0.002319
3.388000,0.008011
3.390000,0.005674
3.392000,0.008245
3.394000,0.008045
3.396000,0.011692
3.398000,0.011106
3.400000,0.011059
3.402000,0.005390
3.404000,0.014649
3.406000,0.017914
3.408000,0.015872
3.410000,0.016067
3.412000,0.021018
3.414000,0.018142
3.416000,0.020943
3.418000,0.020269
3.420000,0.023084
3.422000,0.022611
3.424000,0.023532
3.426000,0.023734
3.428000,0.026696
3.430000,0.023739
3.432000,0.023753
3.434000,0.022178
3.436000,0.023648
3.438000,0.029463
3.440000,0.027515
3.442000,0.025027
3.444000,0.029233
3.446000,0.030844
3.448000,0.028656
3.450000,0.031785
3.452000,0.032732
3.454000,0.038938
3.456000,0.036342
3.458000,0.038430
3.460000,0.040479
3.462000,0.042957
3.464000,0.044294
3.466000,0.042143
3.468000,0.049422
3.470000,0.046526
3.472000,0.048427
3.474000,0.050919
3.476000,0.051531
3.478000,0.051928
3.480000,0.051288
3.482000,0.059006
3.484000,0.060626
3.486000,0.061321
3.488000,0.062964
3.490000,0.066445
3.492000,0.067835
3.494000,0.067482
3.496000,0.067363
3.498000,0.065229
3.500000,0.068737
3.502000,0.067751
3.504000,0.069413
3.506000,0.070209
3.508000,0.069541
3.510000,0.072634
3.512000,0.071885
3.514000,0.069428
3.516000,0.070335
3.518000,0.065392
3.520000,0.068686
3.522000,0.066981
3.524000,0.068464
3.526000,0.064976
3.528000,0.066885
3.530000,0.064393
3.532000,0.066249
3.534000,0.061335
3.536000,0.062607
3.538000,0.059684
3.540000,0.062666
3.542000,0.062914
3.544000,0.060470
3.546000,0.058647
3.548000,0.058573
3.550000,0.059404
3.552000,0.057071
3.554000,0.057160
3.556000,0.059634
3.558000,0.059851
3.560000,0.056810
3.562000,0.056137
3.564000,0.061666
3.566000,0.054854
3.568000,0.057978
3.570000,0.052120
3.572000,0.052476
3.574000,0.055301
3.576000,0.052829
3.578000,0.047924
3.580000,0.047728
3.582000,0.044691
3.584000,0.043265
3.586000,0.042599
3.588000,0.037308
3.590000,0.038567
3.592000,0.031667
3.594000,0.030053
3.596000,0.033217
3.598000,0.030178
3.600000,0.024469
3.602000,0.022183
3.604000,0.022510
3.606000,0.019615
3.608000,0.018032
3.610000,0.016701
3.612000,0.012480
3.614000,0.010540
3.616000,0.005974
3.618000,0.005155
3.620000,0.004306
3.622000,0.004252
3.624000,0.004432
3.626000,0.003651
3.628000,-0.000871
3.630000,-0.003846
3.632000,-0.003144
3.634000,-0.006983
3.636000,-0.004453
3.638000,-0.002654
3.640000,-0.008618
3.642000,-0.007837
3.644000,-0.004966
3.646000,-0.006569
3.648000,-0.008428
3.650000,-0.011938
3.652000,-0.011013
3.654000,-0.010163
3.656000,-0.010365
3.658000,-0.013250
3.660000,-0.012336
3.662000,-0.010855
3.664000,-0.014569
3.666000,-0.017607
3.668000,-0.017232
3.670000,-0.018168
3.672000,-0.018771
3.674000,-0.021353
3.676000,-0.021067
3.678000,-0.023428
3.680000,-0.021640
3.682000,-0.021713
3.684000,-0.027571
3.686000,-0.025931
3.688000,-0.028204
3.690000,-0.022511
3.692000,-0.023935
3.694000,-0.031501
3.696000,-0.028141
3.698000,-0.027576
3.700000,-0.027564
3.702000,-0.026848
3.704000,-0.028749
3.706000,-0.028118
3.708000,-0.030312
3.710000,-0.027629
3.712000,-0.025848
3.714000,-0.024062
3.716000,-0.024749
3.718000,-0.025256
3.720000,-0.024074
3.722000,-0.025328
3.724000,-0.021183
3.726000,-0.022452
3.728000,-0.023328
3.730000,-0.019946
3.732000,-0.024994
3.734000,-0.019560
3.736000,-0.019846
3.738000,-0.018410
3.740000,-0.019628
3.742000,-0.017589
3.744000,-0.017859
3.746000,-0.014878
3.748000,-0.015550
3.750000,-0.019463
3.752000,-0.017812
3.754000,-0.020757
3.756000,-0.015917
3.758000,-0.022485
3.760000,-0.020075
3.762000,-0.019026
3.764000,-0.019273
3.766000,-0.021716
3.768000,-0.022306
3.770000,-0.018114
3.772000,-0.027257
3.774000,-0.027300
3.776000,-0.027245
3.778000,-0.022218
3.780000,-0.027114
3.782000,-0.026397
3.784000,-0.024457
3.786000,-0.030737
3.788000,-0.029988
3.790000,-0.031459
3.792000,-0.031477
3.794000,-0.030509
3.796000,-0.032472
3.798000,-0.033189
3.800000,-0.034417
3.802000,-0.032269
3.804000,-0.034439
3.806000,-0.033832
3.808000,-0.031835
3.810000,-0.031682
3.812000,-0.032039
3.814000,-0.034338
3.816000,-0.033500
3.818000,-0.036923
3.820000,-0.032678
3.822000,-0.040184
3.824000,-0.037397
3.826000,-0.036841
3.828000,-0.039015
3.830000,-0.040512
3.832000,-0.041494
3.834000,-0.040476
3.836000,-0.041532
3.838000,-0.045856
3.840000,-0.047781
3.842000,-0.049152
3.844000,-0.052149
3.846000,-0.051324
3.848000,-0.052794
3.850000,-0.054559
3.852000,-0.053581
3.854000,-0.056409
3.856000,-0.057294
3.858000,-0.056382
3.860000,-0.055812
3.862000,-0.059309
3.864000,-0.061191
3.866000,-0.062792
3.868000,-0.062029
3.870000,-0.066798
3.872000,-0.059318
3.874000,-0.064318
3.876000,-0.063286
3.878000,-0.064881
3.880000,-0.068094
3.882000,-0.063791
3.884000,-0.062922
3.886000,-0.063307
3.888000,-0.064437
3.890000,-0.060925
3.892000,-0.060846
3.894000,-0.060783
3.896000,-0.060919
3.898000,-0.063626
3.900000,-0.060390
3.902000,-0.056405
3.904000,-0.057734
3.906000,-0.052388
3.908000,-0.053204
3.910000,-0.051748
3.912000,-0.050674
3.914000,-0.050359
3.916000,-0.052188
3.918000,-0.049782
3.920000,-0.049328
3.922000,-0.052481
3.924000,-0.050048
3.926000,-0.047481
3.928000,-0.048254
3.930000,-0.048676
3.932000,-0.043204
3.934000,-0.045795
3.936000,-0.045494
3.938000,-0.042975
3.940000,-0.041786
3.942000,-0.042465
3.944000,-0.039229
3.946000,-0.041410
3.948000,-0.035194
3.950000,-0.037199
3.952000,-0.032533
3.954000,-0.035708
3.956000,-0.034480
3.958000,-0.028990
3.960000,-0.026778
3.962000,-0.022851
3.964000,-0.021559
3.966000,-0.018002
3.968000,-0.018287
3.970000,-0.011670
3.972000,-0.014218
3.974000,-0.010489
3.976000,-0.007719
3.978000,-0.004735
3.980000,-0.004685
3.982000,0.002354
3.984000,0.003653
3.986000,0.003759
3.988000,0.007962
3.990000,0.012261
3.992000,0.013754
3.994000,0.016232
3.996000,0.014824
3.998000,0.017047
4.000000,0.019352
4.002000,0.016879
4.004000,0.021186
4.006000,0.020802
4.008000,0.022615
4.010000,0.022313
4.012000,0.024746
4.014000,0.026619
4.016000,0.025386
4.018000,0.027937
4.020000,0.028645
4.022000,0.029779
4.024000,0.028585
4.026000,0.029865
4.028000,0.027463
4.030000,0.031329
4.032000,0.031990
4.034000,0.035272
4.036000,0.031899
4.038000,0.031419
4.040000,0.035666
4.042000,0.033993
4.044000,0.037121
4.046000,0.033428
4.048000,0.037882
4.050000,0.039633
4.052000,0.037450
4.054000,0.043575
4.056000,0.038327
4.058000,0.043620
4.060000,0.040706
4.062000,0.042593
4.064000,0.043130
4.066000,0.047428
4.068000,0.045046
4.070000,0.044676
4.072000,0.044748
4.074000,0.044212
4.076000,0.047382
4.078000,0.047319
4.080000,0.043217
4.082000,0.042304
4.084000,0.044772
4.086000,0.042835
4.088000,0.042841
4.090000,0.042799
4.092000,0.040272
4.094000,0.038470
4.096000,0.038395
4.098000,0.034003
4.100000,0.036241
4.102000,0.036229
4.104000,0.038025
4.106000,0.029784
4.108000,0.032036
4.110000,0.033416
4.112000,0.034989
4.114000,0.028325
4.116000,0.026845
4.118000,0.028509
4.120000,0.024733
4.122000,0.030324
4.124000,0.026602
4.126000,0.027583
4.128000,0.027595
4.130000,0.026730
4.132000,0.027658
4.134000,0.028370
4.136000,0.030269
4.138000,0.027054
4.140000,0.029738
4.142000,0.033170
4.144000,0.027551
4.146000,0.030980
4.148000,0.030745
4.150000,0.031178
4.152000,0.030809
4.154000,0.036706
4.156000,0.034812
4.158000,0.036688
4.160000,0.037487
4.162000,0.033093
4.164000,0.037069
4.166000,0.030429
4.168000,0.030833
4.170000,0.034905
4.172000,0.031819
4.174000,0.031856
4.176000,0.034010
4.178000,0.034859
4.180000,0.035743
4.182000,0.030854
4.184000,0.037017
4.186000,0.034070
4.188000,0.033586
4.190000,0.033277
4.192000,0.034911
4.194000,0.030921
4.196000,0.030885
4.198000,0.033502
4.200000,0.034842
4.202000,0.034007
4.204000,0.035303
4.206000,0.034763
4.208000,0.040306
4.210000,0.036001
4.212000,0.035983
4.214000,0.040989
4.216000,0.041401
4.218000,0.042678
4.220000,0.041368
4.222000,0.045858
4.224000,0.043127
4.226000,0.045752
4.228000,0.045455
4.230000,0.049400
4.232000,0.052977
4.234000,0.049459
4.236000,0.052382
4.238000,0.054647
4.240000,0.051514
4.242000,0.053348
4.244000,0.051337
4.246000,0.050098
4.248000,0.055646
4.250000,0.049666
4.252000,0.053489
4.254000,0.053590
4.256000,0.051718
4.258000,0.052418
4.260000,0.050519
4.262000,0.051697
4.264000,0.048733
4.266000,0.048171
4.268000,0.047052
4.270000,0.050081
4.272000,0.045291
4.274000,0.044045
4.276000,0.043607
4.278000,0.041079
4.280000,0.043661
4.282000,0.040985
4.284000,0.039243
4.286000,0.033445
4.288000,0.036279
4.290000,0.037720
4.292000,0.036647
4.294000,0.032109
4.296000,0.033489
4.298000,0.032480
4.300000,0.028957
4.302000,0.030749
4.304000,0.029520
4.306000,0.026766
4.308000,0.027559
4.310000,0.023707
4.312000,0.026764
4.314000,0.027940
4.316000,0.025481
4.318000,0.019248
4.320000,0.024818
4.322000,0.017677
4.324000,0.019136
4.326000,0.016601
4.328000,0.016057
4.330000,0.009928
4.332000,0.009362
4.334000,0.010031
4.336000,0.006456
4.338000,0.002664
4.340000,-0.000827
4.342000,-0.002729
4.344000,0.002002
4.346000,-0.008299
4.348000,-0.005071
4.350000,-0.009768
4.352000,-0.014027
4.354000,-0.015183
4.356000,-0.021011
4.358000,-0.021957
4.360000,-0.025676
4.362000,-0.025741
4.364000,-0.028980
4.366000,-0.029578
4.368000,-0.033641
4.370000,-0.031695
4.372000,-0.034192
4.374000,-0.035171
4.376000,-0.037501
4.378000,-0.037741
4.380000,-0.041132
4.382000,-0.040191
4.384000,-0.041956
4.386000,-0.040196
4.388000,-0.043028
4.390000,-0.042933
4.392000,-0.047446
4.394000,-0.044573
4.396000,-0.047069
4.398000,-0.044280
4.400000,-0.046264
4.402000,-0.047008
4.404000,-0.048771
4.406000,-0.049759
4.408000,-0.049209
4.410000,-0.050528
4.412000,-0.049805
4.414000,-0.052427
4.416000,-0.050331
4.418000,-0.052985
4.420000,-0.053217
4.422000,-0.053362
4.424000,-0.052001
4.426000,-0.053750
4.428000,-0.053183
4.430000,-0.057228
4.432000,-0.057213
4.434000,-0.056624
4.436000,-0.055362
4.438000,-0.054061
4.440000,-0.058899
4.442000,-0.055958
4.444000,-0.059452
4.446000,-0.057033
4.448000,-0.057636
4.450000,-0.055852
4.452000,-0.056178
4.454000,-0.054901
4.456000,-0.055672
4.458000,-0.057053
4.460000,-0.055958
4.462000,-0.050042
4.464000,-0.053198
4.466000,-0.048872
4.468000,-0.047025
4.470000,-0.050627
4.472000,-0.042909
4.474000,-0.045017
4.476000,-0.041484
4.478000,-0.043142
4.480000,-0.040676
4.482000,-0.040173
4.484000,-0.039840
4.486000,-0.035235
4.488000,-0.035399
4.490000,-0.034376
4.492000,-0.035837
4.494000,-0.031374
4.496000,-0.033879
4.498000,-0.030445
4.500000,-0.031099
4.502000,-0.030969
4.504000,-0.031743
4.506000,-0.031009
4.508000,-0.031706
4.510000,-0.030184
4.512000,-0.030174
4.514000,-0.031521
4.516000,-0.029283
4.518000,-0.033628
4.520000,-0.032331
4.522000,-0.034562
4.524000,-0.032659
4.526000,-0.030708
4.528000,-0.031682
4.530000,-0.030139
4.532000,-0.033285
4.534000,-0.031837
4.536000,-0.026395
4.538000,-0.034630
4.540000,-0.033363
4.542000,-0.033026
4.544000,-0.030498
4.546000,-0.030591
4.548000,-0.030406
4.550000,-0.032072
4.552000,-0.028037
4.554000,-0.030364
4.556000,-0.028007
4.558000,-0.028000
4.560000,-0.028697
4.562000,-0.027453
4.564000,-0.024770
4.566000,-0.024356
4.568000,-0.024622
4.570000,-0.026449
4.572000,-0.025559
4.574000,-0.025995
4.576000,-0.020888
4.578000,-0.023075
4.580000,-0.020949
4.582000,-0.027974
4.584000,-0.030183
4.586000,-0.027394
4.588000,-0.030758
4.590000,-0.029570
4.592000,-0.027392
4.594000,-0.031258
4.596000,-0.033031
4.598000,-0.031575
4.600000,-0.033327
4.602000,-0.033701
4.604000,-0.035687
4.606000,-0.036153
4.608000,-0.035855
4.610000,-0.036764
4.612000,-0.038961
4.614000,-0.033867
4.616000,-0.037494
4.618000,-0.038996
4.620000,-0.040650
4.622000,-0.035162
4.624000,-0.036301
4.626000,-0.034122
4.628000,-0.037976
4.630000,-0.033790
4.632000,-0.034226
4.634000,-0.038200
4.636000,-0.034798
4.638000,-0.033531
4.640000,-0.031259
4.642000,-0.032571
4.644000,-0.027273
4.646000,-0.026200
4.648000,-0.029011
4.650000,-0.025241
4.652000,-0.023507
4.654000,-0.022489
4.656000,-0.020074
4.658000,-0.022494
4.660000,-0.016872
4.662000,-0.018947
4.664000,-0.013777
4.666000,-0.014531
4.668000,-0.017265
4.670000,-0.012496
4.672000,-0.014110
4.674000,-0.013766
4.676000,-0.012218
4.678000,-0.009593
4.680000,-0.010428
4.682000,-0.006920
4.684000,-0.011482
4.686000,-0.008688
4.688000,-0.005454
4.690000,-0.007390
4.692000,-0.004881
4.694000,-0.002467
4.696000,0.002614
4.698000,0.000548
4.700000,0.001691
4.702000,0.007367
4.704000,0.006579
4.706000,0.002777
4.708000,0.012533
4.710000,0.014010
4.712000,0.012586
4.714000,0.016804
4.716000,0.018711
4.718000,0.019744
4.720000,0.025789
4.722000,0.026184
4.724000,0.025780
4.726000,0.032059
4.728000,0.034547
4.730000,0.031654
4.732000,0.036519
4.734000,0.040837
4.736000,0.041649
4.738000,0.041954
4.740000,0.044293
4.742000,0.044043
4.744000,0.050894
4.746000,0.047959
4.748000,0.049989
4.750000,0.055514
4.752000,0.056431
4.754000,0.051542
4.756000,0.059888
4.758000,0.053757
4.760000,0.057186
4.762000,0.058079
4.764000,0.059234
4.766000,0.059229
4.768000,0.058577
4.770000,0.061273
4.772000,0.061220
4.774000,0.057322
4.776000,0.059366
4.778000,0.060253
4.780000,0.060051
4.782000,0.056919
4.784000,0.058969
4.786000,0.061836
4.788000,0.063082
4.790000,0.058614
4.792000,0.060498
4.794000,0.063476
4.796000,0.059645
4.798000,0.065872
4.800000,0.065507
4.802000,0.062480
4.804000,0.065866
4.806000,0.064865
4.808000,0.064530
4.810000,0.065821
4.812000,0.069325
4.814000,0.062312
4.816000,0.062637
4.818000,0.061835
4.820000,0.068219
4.822000,0.065070
4.824000,0.065096
4.826000,0.062050
4.828000,0.058773
4.830000,0.059649
4.832000,0.060341
4.834000,0.060364
4.836000,0.053143
4.838000,0.056397
4.840000,0.054783
4.842000,0.050523
4.844000,0.051080
4.846000,0.048628
4.848000,0.048542
4.850000,0.046189
4.852000,0.044453
4.854000,0.034987
4.856000,0.043225
4.858000,0.037595
4.860000,0.039772
4.862000,0.035513
4.864000,0.036286
4.866000,0.033795
4.868000,0.033200
4.870000,0.031309
4.872000,0.030614
4.874000,0.027181
4.876000,0.029947
4.878000,0.026587
4.880000,0.025535
4.882000,0.028504
4.884000,0.022099
4.886000,0.022792
4.888000,0.025387
4.890000,0.026633
4.892000,0.028772
4.894000,0.022930
4.896000,0.027385
4.898000,0.023023
4.900000,0.020775
4.902000,0.022442
4.904000,0.020278
4.906000,0.023541
4.908000,0.018976
4.910000,0.019926
4.912000,0.016528
4.914000,0.018351
4.916000,0.021707
4.918000,0.018471
4.920000,0.016971
4.922000,0.015399
4.924000,0.016935
4.926000,0.015198
4.928000,0.013464
4.930000,0.016679
4.932000,0.013085
4.934000,0.013291
4.936000,0.013651
4.938000,0.008629
4.940000,0.009733
4.942000,0.010560
4.944000,0.012821
4.946000,0.010872
4.948000,0.010221
4.950000,0.011425
4.952000,0.008473
4.954000,0.011243
4.956000,0.009012
4.958000,0.008592
4.960000,0.013384
4.962000,0.011333
4.964000,0.012765
4.966000,0.009400
4.968000,0.014990
4.970000,0.013029
4.972000,0.014579
4.974000,0.014577
4.976000,0.018360
4.978000,0.019739
4.980000,0.016348
4.982000,0.019254
4.984000,0.018148
4.986000,0.020580
4.988000,0.016216
4.990000,0.019835
4.992000,0.019739
4.994000,0.018049
4.996000,0.019964
4.998000,0.015780
5.000000,0.014940
5.002000,0.019081
5.004000,0.018874
5.006000,0.013558
5.008000,0.012984
5.010000,0.016712
5.012000,0.015752
5.014000,0.010314
5.016000,0.014379
5.018000,0.008017
5.020000,0.009119
5.022000,0.005941
5.024000,0.007716
5.026000,0.003430
5.028000,0.000702
5.030000,0.003720
5.032000,0.000024
5.034000,0.001024
5.036000,-0.000216
5.038000,-0.006960
5.040000,-0.002732
5.042000,-0.005429
5.044000,-0.003825
5.046000,-0.006836
5.048000,-0.007438
5.050000,-0.007412
5.052000,-0.008191
5.054000,-0.009977
5.056000,-0.005431
5.058000,-0.011071
5.060000,-0.012880
5.062000,-0.011079
5.064000,-0.012157
5.066000,-0.014265
5.068000,-0.013546
5.070000,-0.015573
5.072000,-0.019232
5.074000,-0.020227
5.076000,-0.026327
5.078000,-0.024613
5.080000,-0.025397
5.082000,-0.024575
5.084000,-0.028328
5.086000,-0.029183
5.088000,-0.029267
5.090000,-0.034376
5.092000,-0.036438
5.094000,-0.037301
5.096000,-0.039046
5.098000,-0.045557
5.100000,-0.045168
5.102000,-0.047578
5.104000,-0.047110
5.106000,-0.049658
5.108000,-0.055346
5.110000,-0.055927
5.112000,-0.056723
5.114000,-0.058823
5.116000,-0.060983
5.118000,-0.057435
5.120000,-0.063947
5.122000,-0.063887
5.124000,-0.062281
5.126000,-0.065221
5.128000,-0.065049
5.130000,-0.064957
5.132000,-0.069537
5.134000,-0.066176
5.136000,-0.065994
5.138000,-0.064693
5.140000,-0.063436
5.142000,-0.067261
5.144000,-0.067495
5.146000,-0.066710
5.148000,-0.067849
5.150000,-0.064429
5.152000,-0.067782
5.154000,-0.064452
5.156000,-0.065499
5.158000,-0.066431
5.160000,-0.067049
5.162000,-0.067920
5.164000,-0.066101
5.166000,-0.064974
5.168000,-0.061176
5.170000,-0.065814
5.172000,-0.061498
5.174000,-0.060529
5.176000,-0.064589
5.178000,-0.065971
5.180000,-0.063927
5.182000,-0.066735
5.184000,-0.062366
5.186000,-0.066290
5.188000,-0.066813
5.190000,-0.063030
5.192000,-0.060885
5.194000,-0.062104
5.196000,-0.061903
5.198000,-0.059737
5.200000,-0.061092
5.202000,-0.059439
5.204000,-0.061112
5.206000,-0.055552
5.208000,-0.054751
5.210000,-0.058009
5.212000,-0.052513
5.214000,-0.050938
5.216000,-0.047779
5.218000,-0.044284
5.220000,-0.039048
5.222000,-0.040751
5.224000,-0.040475
5.226000,-0.040358
5.228000,-0.034002
5.230000,-0.032607
5.232000,-0.028518
5.234000,-0.030201
5.236000,-0.029608
5.238000,-0.027098
5.240000,-0.021801
5.242000,-0.024615
5.244000,-0.022114
5.246000,-0.020571
5.248000,-0.015959
5.250000,-0.015988
5.252000,-0.011431
5.254000,-0.015866
5.256000,-0.013340
5.258000,-0.012458
5.260000,-0.012225
5.262000,-0.011043
5.264000,-0.009559
5.266000,-0.008147
5.268000,-0.013601
5.270000,-0.013027
5.272000,-0.011871
5.274000,-0.012375
5.276000,-0.014202
5.278000,-0.010355
5.280000,-0.007349
5.282000,-0.004867
5.284000,-0.003010
5.286000,-0.009734
5.288000,-0.005409
5.290000,-0.005607
5.292000,-0.004898
5.294000,-0.003165
5.296000,-0.006025
5.298000,0.000026
5.300000,-0.001153
5.302000,0.003459
5.304000,0.002088
5.306000,0.001390
5.308000,0.006016
5.310000,0.008380
5.312000,0.005283
5.314000,0.004583
5.316000,0.008115
5.318000,0.009923
5.320000,0.008284
5.322000,0.009591
5.324000,0.009424
5.326000,0.005592
5.328000,0.012368
5.330000,0.004932
5.332000,0.007457
5.334000,0.006910
5.336000,0.007660
5.338000,0.010499
5.340000,0.009419
5.342000,0.005066
5.344000,0.004098
5.346000,0.005062
5.348000,0.008374
5.350000,0.003075
5.352000,0.005441
5.354000,0.004075
5.356000,0.003366
5.358000,0.001413
5.360000,0.001788
5.362000,-0.000465
5.364000,0.001850
5.366000,0.004480
5.368000,-0.001261
5.370000,0.002244
5.372000,-0.002412
5.374000,0.001924
5.376000,0.003517
5.378000,0.000051
5.380000,0.002337
5.382000,-0.000219
5.384000,0.003041
5.386000,0.003713
5.388000,0.007559
5.390000,0.005389
5.392000,0.008975
5.394000,0.009385
5.396000,0.006615
5.398000,0.013005
5.400000,0.011254
5.402000,0.011953
5.404000,0.012004
5.406000,0.019408
5.408000,0.015732
5.410000,0.014179
5.412000,0.018085
5.414000,0.016590
5.416000,0.021925
5.418000,0.020251
5.420000,0.020444
5.422000,0.021599
5.424000,0.023185
5.426000,0.027731
5.428000,0.023884
5.430000,0.021915
5.432000,0.021893
5.434000,0.025321
5.436000,0.025369
5.438000,0.023700
5.440000,0.028081
5.442000,0.024002
5.444000,0.029346
5.446000,0.031678
5.448000,0.033352
5.450000,0.031807
5.452000,0.033053
5.454000,0.035935
5.456000,0.033990
5.458000,0.037572
5.460000,0.037188
5.462000,0.042211
5.464000,0.042125
5.466000,0.043167
5.468000,0.045756
5.470000,0.046851
5.472000,0.048762
5.474000,0.051206
5.476000,0.054256
5.478000,0.057251
5.480000,0.054312
5.482000,0.056513
5.484000,0.058992
5.486000,0.061598
5.488000,0.064619
5.490000,0.065388
5.492000,0.063939
5.494000,0.066570
5.496000,0.069141
5.498000,0.064303
5.500000,0.067434
5.502000,0.071616
5.504000,0.072511
5.506000,0.066375
5.508000,0.069749
5.510000,0.067613
5.512000,0.068990
5.514000,0.068059
5.516000,0.070479
5.518000,0.066135
5.520000,0.068945
5.522000,0.066304
5.524000,0.066072
5.526000,0.066573
5.528000,0.065388
5.530000,0.064973
5.532000,0.061335
5.534000,0.061502
5.536000,0.058457
5.538000,0.064912
5.540000,0.063499
5.542000,0.063983
5.544000,0.056569
5.546000,0.063256
5.548000,0.062908
5.550000,0.064355
5.552000,0.059539
5.554000,0.062719
5.556000,0.060797
5.558000,0.062552
5.560000,0.053563
5.562000,0.054755
5.564000,0.056659
5.566000,0.057822
5.568000,0.055567
5.570000,0.052393
5.572000,0.052820
5.574000,0.049402
5.576000,0.050027
5.578000,0.046311
5.580000,0.052514
5.582000,0.044954
5.584000,0.041267
5.586000,0.041252
5.588000,0.040445
5.590000,0.033784
5.592000,0.035503
5.594000,0.035773
5.596000,0.032108
5.598000,0.032216
5.600000,0.028081
5.602000,0.025951
5.604000,0.020917
5.606000,0.017403
5.608000,0.017598
5.610000,0.016245
5.612000,0.015634
5.614000,0.010230
5.616000,0.007501
5.618000,0.005172
5.620000,0.004071
5.622000,0.006517
5.624000,-0.002137
5.626000,-0.001186
5.628000,0.001301
5.630000,-0.001491
5.632000,-0.005920
5.634000,-0.003141
5.636000,-0.005031
5.638000,-0.009665
5.640000,-0.006594
5.642000,-0.006107
5.644000,-0.006608
5.646000,-0.007234
5.648000,-0.009233
5.650000,-0.006968
5.652000,-0.007275
5.654000,-0.014261
5.656000,-0.015167
5.658000,-0.010811
5.660000,-0.011949
5.662000,-0.010949
5.664000,-0.014414
5.666000,-0.016425
5.668000,-0.015433
5.670000,-0.017219
5.672000,-0.018037
5.674000,-0.018707
5.676000,-0.022608
5.678000,-0.020266
5.680000,-0.019764
5.682000,-0.025103
5.684000,-0.024971
5.686000,-0.024230
5.688000,-0.029276
5.690000,-0.024558
5.692000,-0.023969
5.694000,-0.028068
5.696000,-0.026785
5.698000,-0.026627
5.700000,-0.026865
5.702000,-0.030588
5.704000,-0.029820
5.706000,-0.028095
5.708000,-0.029042
5.710000,-0.024852
5.712000,-0.023549
5.714000,-0.024905
5.716000,-0.026564
5.718000,-0.022230
5.720000,-0.022270
5.722000,-0.026582
5.724000,-0.020523
5.726000,-0.023008
5.728000,-0.018928
5.730000,-0.019865
5.732000,-0.022076
5.734000,-0.018901
5.736000,-0.018406
5.738000,-0.014263
5.740000,-0.017943
5.742000,-0.016344
5.744000,-0.016276
5.746000,-0.018242
5.748000,-0.017938
5.750000,-0.016630
5.752000,-0.018122
5.754000,-0.017222
5.756000,-0.021498
5.758000,-0.018659
5.760000,-0.024286
5.762000,-0.024491
5.764000,-0.016716
5.766000,-0.022407
5.768000,-0.021487
5.770000,-0.022656
5.772000,-0.026774
5.774000,-0.025374
5.776000,-0.025961
5.778000,-0.033008
5.780000,-0.026814
5.782000,-0.029896
5.784000,-0.028177
5.786000,-0.028109
5.788000,-0.029017
5.790000,-0.029697
5.792000,-0.029018
5.794000,-0.032207
5.796000,-0.030840
5.798000,-0.029905
5.800000,-0.029282
5.802000,-0.030872
5.804000,-0.035793
5.806000,-0.035991
5.808000,-0.030247
5.810000,-0.036231
5.812000,-0.035154
5.814000,-0.034239
5.816000,-0.034989
5.818000,-0.035768
5.820000,-0.035996
5.822000,-0.033691
5.824000,-0.041847
5.826000,-0.036305
5.828000,-0.041723
5.830000,-0.044965
5.832000,-0.036722
5.834000,-0.038258
5.836000,-0.043657
5.838000,-0.049550
5.840000,-0.044672
5.842000,-0.049124
5.844000,-0.051911
5.846000,-0.049818
5.848000,-0.054716
5.850000,-0.053070
5.852000,-0.054203
5.854000,-0.055729
5.856000,-0.059228
5.858000,-0.059619
5.860000,-0.055783
5.862000,-0.061939
5.864000,-0.066491
5.866000,-0.063637
5.868000,-0.062233
5.870000,-0.065186
5.872000,-0.062305
5.874000,-0.066727
5.876000,-0.067475
5.878000,-0.067072
5.880000,-0.068734
5.882000,-0.064262
5.884000,-0.061625
5.886000,-0.062155
5.888000,-0.065944
5.890000,-0.061851
5.892000,-0.059384
5.894000,-0.060019
5.896000,-0.061283
5.898000,-0.058894
5.900000,-0.056427
5.902000,-0.055219
5.904000,-0.055461
5.906000,-0.059007
5.908000,-0.053616
5.910000,-0.057454
5.912000,-0.055318
5.914000,-0.051326
5.916000,-0.051543
5.918000,-0.048384
5.920000,-0.049702
5.922000,-0.047989
5.924000,-0.047088
5.926000,-0.046026
5.928000,-0.047960
5.930000,-0.047477
5.932000,-0.044518
5.934000,-0.043574
5.936000,-0.043785
5.938000,-0.045152
5.940000,-0.042023
5.942000,-0.035939
5.944000,-0.036123
5.946000,-0.038618
5.948000,-0.034660
5.950000,-0.035164
5.952000,-0.035401
5.954000,-0.033392
5.956000,-0.026746
5.958000,-0.027143
5.960000,-0.024645
5.962000,-0.019381
5.964000,-0.020699
5.966000,-0.018193
5.968000,-0.017639
5.970000,-0.014270
5.972000,-0.010481
5.974000,-0.006933
5.976000,-0.005839
5.978000,-0.001758
5.980000,0.001265
5.982000,0.000043
5.984000,0.001881
5.986000,0.002598
5.988000,0.010058
5.990000,0.009875
5.992000,0.012796
5.994000,0.010793
5.996000,0.015798
5.998000,0.017630
6.000000,0.018013
6.002000,0.020703
6.004000,0.016314
6.006000,0.021017
6.008000,0.024949
6.010000,0.023150
6.012000,0.022229
6.014000,0.023825
6.016000,0.025572
6.018000,0.025616
6.020000,0.024553
6.022000,0.027140
6.024000,0.024592
6.026000,0.028603
6.028000,0.030241
6.030000,0.031067
6.032000,0.030312
6.034000,0.034984
6.036000,0.032367
6.038000,0.030479
6.040000,0.032956
6.042000,0.031651
6.044000,0.035163
6.046000,0.039546
6.048000,0.037929
6.050000,0.037648
6.052000,0.041892
6.054000,0.040681
6.056000,0.041349
6.058000,0.046874
6.060000,0.044068
6.062000,0.043847
6.064000,0.042445
6.066000,0.045294
6.068000,0.043564
6.070000,0.045514
6.072000,0.044217
6.074000,0.047693
6.076000,0.046432
6.078000,0.045218
6.080000,0.046023
6.082000,0.042816
6.084000,0.039998
6.086000,0.042908
6.088000,0.043223
6.090000,0.041985
6.092000,0.043088
6.094000,0.037883
6.096000,0.036557
6.098000,0.037146
6.100000,0.039364
6.102000,0.035879
6.104000,0.037164
6.106000,0.033485
6.108000,0.033152
6.110000,0.033929
6.112000,0.031504
6.114000,0.031905
6.116000,0.029652
6.118000,0.031057
6.120000,0.030577
6.122000,0.030841
6.124000,0.028580
6.126000,0.029473
6.128000,0.028290
6.130000,0.028733
6.132000,0.030229
6.134000,0.028030
6.136000,0.028056
6.138000,0.029740
6.140000,0.027004
6.142000,0.030979
6.144000,0.026459
6.146000,0.030601
6.148000,0.030814
6.150000,0.036782
6.152000,0.033775
6.154000,0.032822
6.156000,0.034229
6.158000,0.035516
6.160000,0.031794
6.162000,0.032366
6.164000,0.033294
6.166000,0.030364
6.168000,0.033872
6.170000,0.035059
6.172000,0.033084
6.174000,0.032622
6.176000,0.036053
6.178000,0.034049
6.180000,0.036575
6.182000,0.034421
6.184000,0.033054
6.186000,0.032527
6.188000,0.032356
6.190000,0.035375
6.192000,0.036174
6.194000,0.037479
6.196000,0.029170
6.198000,0.037469
6.200000,0.040725
6.202000,0.035688
6.204000,0.032989
6.206000,0.033217
6.208000,0.034336
6.210000,0.034744
6.212000,0.037275
6.214000,0.039544
6.216000,0.040135
6.218000,0.042187
6.220000,0.043816
6.222000,0.045228
6.224000,0.045733
6.226000,0.047934
6.228000,0.048385
6.230000,0.049727
6.232000,0.052288
6.234000,0.049893
6.236000,0.051280
6.238000,0.055157
6.240000,0.053343
6.242000,0.052260
6.244000,0.055491
6.246000,0.053591
6.248000,0.053506
6.250000,0.053310
6.252000,0.052418
6.254000,0.051755
6.256000,0.052821
6.258000,0.051583
6.260000,0.052879
6.262000,0.051606
6.264000,0.051481
6.266000,0.048672
6.268000,0.047538
6.270000,0.046935
6.272000,0.041392
6.274000,0.046257
6.276000,0.043222
6.278000,0.043628
6.280000,0.040921
6.282000,0.037747
6.284000,0.036957
6.286000,0.036141
6.288000,0.035400
6.290000,0.034558
6.292000,0.037827
6.294000,0.032436
6.296000,0.030255
6.298000,0.033822
6.300000,0.030560
6.302000,0.031156
6.304000,0.028864
6.306000,0.026741
6.308000,0.028090
6.310000,0.027913
6.312000,0.025700
6.314000,0.021991
6.316000,0.024341
6.318000,0.019840
6.320000,0.019474
6.322000,0.019485
6.324000,0.018782
6.326000,0.017940
6.328000,0.013821
6.330000,0.010369
6.332000,0.012222
6.334000,0.013993
6.336000,0.003868
6.338000,0.004608
6.340000,0.004180
6.342000,-0.001675
6.344000,-0.003328
6.346000,-0.008417
6.348000,-0.008173
6.350000,-0.012935
6.352000,-0.010589
6.354000,-0.016971
6.356000,-0.023033
6.358000,-0.021373
6.360000,-0.023062
6.362000,-0.024549
6.364000,-0.029687
6.366000,-0.029992
6.368000,-0.031161
6.370000,-0.034677
6.372000,-0.034802
6.374000,-0.034791
6.376000,-0.040007
6.378000,-0.038961
6.380000,-0.039237
6.382000,-0.039862
6.384000,-0.040382
6.386000,-0.042459
6.388000,-0.040968
6.390000,-0.044953
6.392000,-0.048168
6.394000,-0.044583
6.396000,-0.044721
6.398000,-0.045146
6.400000,-0.044935
6.402000,-0.046437
6.404000,-0.047565
6.406000,-0.048567
6.408000,-0.049147
6.410000,-0.048340
6.412000,-0.047564
6.414000,-0.049588
6.416000,-0.052628
6.418000,-0.051009
6.420000,-0.052432
6.422000,-0.053542
6.424000,-0.052957
6.426000,-0.053402
6.428000,-0.054630
6.430000,-0.055699
6.432000,-0.055787
6.434000,-0.056191
6.436000,-0.056527
6.438000,-0.057163
6.440000,-0.060144
6.442000,-0.055199
6.444000,-0.058129
6.446000,-0.057538
6.448000,-0.058320
6.450000,-0.057691
6.452000,-0.057280
6.454000,-0.056196
6.456000,-0.052227
6.458000,-0.057422
6.460000,-0.052191
6.462000,-0.052559
6.464000,-0.053199
6.466000,-0.049490
6.468000,-0.050235
6.470000,-0.048597
6.472000,-0.047659
6.474000,-0.043998
6.476000,-0.043571
6.478000,-0.043964
6.480000,-0.041283
6.482000,-0.040383
6.484000,-0.040552
6.486000,-0.036665
6.488000,-0.039233
6.490000,-0.035180
6.492000,-0.033309
6.494000,-0.033820
6.496000,-0.032917
6.498000,-0.030155
6.500000,-0.030821
6.502000,-0.033488
6.504000,-0.032443
6.506000,-0.031203
6.508000,-0.031174
6.510000,-0.031903
6.512000,-0.031123
6.514000,-0.030135
6.516000,-0.028717
6.518000,-0.030903
6.520000,-0.030470
6.522000,-0.029371
6.524000,-0.034928
6.526000,-0.029758
6.528000,-0.032226
6.530000,-0.031984
6.532000,-0.033660
6.534000,-0.029101
6.536000,-0.030575
6.538000,-0.032212
6.540000,-0.031666
6.542000,-0.029834
6.544000,-0.028250
6.546000,-0.031134
6.548000,-0.028944
6.550000,-0.029816
6.552000,-0.028883
6.554000,-0.027591
6.556000,-0.029891
6.558000,-0.025108
6.560000,-0.026481
6.562000,-0.027011
6.564000,-0.026018
6.566000,-0.025773
6.568000,-0.023473
6.570000,-0.027883
6.572000,-0.029268
6.574000,-0.027210
6.576000,-0.024501
6.578000,-0.025430
6.580000,-0.023855
6.582000,-0.023943
6.584000,-0.025985
6.586000,-0.030982
6.588000,-0.031935
6.590000,-0.024756
6.592000,-0.029902
6.594000,-0.031541
6.596000,-0.032968
6.598000,-0.031442
6.600000,-0.034496
6.602000,-0.032168
6.604000,-0.031823
6.606000,-0.035862
6.608000,-0.038130
6.610000,-0.036947
6.612000,-0.037429
6.614000,-0.036134
6.616000,-0.035258
6.618000,-0.038561
6.620000,-0.036468
6.622000,-0.038054
6.624000,-0.037069
6.626000,-0.033680
6.628000,-0.037656
6.630000,-0.038676
6.632000,-0.038173
6.634000,-0.033322
6.636000,-0.033267
6.638000,-0.030809
6.640000,-0.029464
6.642000,-0.027065
6.644000,-0.030831
6.646000,-0.025555
6.648000,-0.023782
6.650000,-0.024793
6.652000,-0.027024
6.654000,-0.021616
6.656000,-0.020404
6.658000,-0.024450
6.660000,-0.018111
6.662000,-0.017074
6.664000,-0.016182
6.666000,-0.015328
6.668000,-0.016738
6.670000,-0.013791
6.672000,-0.015607
6.674000,-0.012744
6.676000,-0.012517
6.678000,-0.011041
6.680000,-0.009083
6.682000,-0.008899
6.684000,-0.009752
6.686000,-0.008853
6.688000,-0.000768
6.690000,-0.003205
6.692000,-0.005546
6.694000,-0.003185
6.696000,0.000652
6.698000,0.000207
6.700000,0.002949
6.702000,0.007468
6.704000,0.004086
6.706000,0.003976
6.708000,0.008863
6.710000,0.012451
6.712000,0.011781
6.714000,0.016407
6.716000,0.017606
6.718000,0.020943
6.720000,0.024513
6.722000,0.026040
6.724000,0.027468
6.726000,0.027867
6.728000,0.029862
6.730000,0.035497
6.732000,0.039302
6.734000,0.040692
6.736000,0.041507
6.738000,0.042553
6.740000,0.045905
6.742000,0.047632
6.744000,0.052190
6.746000,0.049401
6.748000,0.049811
6.750000,0.052098
6.752000,0.054679
6.754000,0.052804
6.756000,0.054116
6.758000,0.055811
6.760000,0.055886
6.762000,0.057220
6.764000,0.057194
6.766000,0.058768
6.768000,0.061219
6.770000,0.056998
6.772000,0.059910
6.774000,0.060281
6.776000,0.057251
6.778000,0.058427
6.780000,0.063515
6.782000,0.063248
6.784000,0.061433
6.786000,0.058814
6.788000,0.058991
6.790000,0.060825
6.792000,0.058887
6.794000,0.060187
6.796000,0.059679
6.798000,0.060638
6.800000,0.067326
6.802000,0.063100
6.804000,0.060415
6.806000,0.065472
6.808000,0.066892
6.810000,0.067586
6.812000,0.063786
6.814000,0.064181
6.816000,0.065973
6.818000,0.065799
6.820000,0.061479
6.822000,0.061807
6.824000,0.067510
6.826000,0.063931
6.828000,0.061170
6.830000,0.059294
6.832000,0.061081
6.834000,0.057093
6.836000,0.058519
6.838000,0.055606
6.840000,0.052215
6.842000,0.053884
6.844000,0.048166
6.846000,0.049352
6.848000,0.050078
6.850000,0.041286
6.852000,0.040284
6.854000,0.041150
6.856000,0.036864
6.858000,0.036672
6.860000,0.035704
6.862000,0.035315
6.864000,0.035160
6.866000,0.033745
6.868000,0.031563
6.870000,0.027514
6.872000,0.029177
6.874000,0.025842
6.876000,0.027043
6.878000,0.031722
6.880000,0.026661
6.882000,0.023542
6.884000,0.022562
6.886000,0.022710
6.888000,0.022355
6.890000,0.022826
6.892000,0.023488
6.894000,0.021324
6.896000,0.025663
6.898000,0.024635
6.900000,0.022312
6.902000,0.022763
6.904000,0.023085
6.906000,0.022115
6.908000,0.021019
6.910000,0.022019
6.912000,0.020690
6.914000,0.018344
6.916000,0.019863
6.918000,0.024066
6.920000,0.020590
6.922000,0.016465
6.924000,0.016974
6.926000,0.013311
6.928000,0.020937
6.930000,0.015629
6.932000,0.013045
6.934000,0.013886
6.936000,0.013169
6.938000,0.015986
6.940000,0.013032
6.942000,0.009266
6.944000,0.011968
6.946000,0.008725
6.948000,0.008352
6.950000,0.007527
6.952000,0.011640
6.954000,0.008818
6.956000,0.013294
6.958000,0.009024
6.960000,0.011528
6.962000,0.012954
6.964000,0.008839
6.966000,0.012329
6.968000,0.011815
6.970000,0.014383
6.972000,0.016354
6.974000,0.012643
6.976000,0.015594
6.978000,0.016073
6.980000,0.016641
6.982000,0.019893
6.984000,0.018299
6.986000,0.017399
6.988000,0.015456
6.990000,0.017552
6.992000,0.016789
6.994000,0.015161
6.996000,0.017699
6.998000,0.019106
7.000000,0.015925
7.002000,0.016253
7.004000,0.017340
7.006000,0.019031
7.008000,0.011001
7.010000,0.016109
7.012000,0.009676
7.014000,0.014136
7.016000,0.011133
7.018000,0.008637
7.020000,0.007635
7.022000,0.009589
7.024000,0.001638
7.026000,0.004206
7.028000,0.003093
7.030000,0.000632
7.032000,0.001816
7.034000,-0.001554
7.036000,0.000393
7.038000,-0.000137
7.040000,-0.003999
7.042000,-0.003597
7.044000,-0.001909
7.046000,-0.006574
7.048000,-0.006310
7.050000,-0.006984
7.052000,-0.008139
7.054000,-0.007439
7.056000,-0.014501
7.058000,-0.008281
7.060000,-0.011124
7.062000,-0.010741
7.064000,-0.013709
7.066000,-0.017005
7.068000,-0.015821
7.070000,-0.014669
7.072000,-0.019946
7.074000,-0.017496
7.076000,-0.024469
7.078000,-0.021053
7.080000,-0.022425
7.082000,-0.025264
7.084000,-0.029643
7.086000,-0.029744
7.088000,-0.033275
7.090000,-0.033702
7.092000,-0.033722
7.094000,-0.040697
7.096000,-0.039979
7.098000,-0.042109
7.100000,-0.042469
7.102000,-0.047637
7.104000,-0.050414
7.106000,-0.050832
7.108000,-0.051260
7.110000,-0.052784
7.112000,-0.055622
7.114000,-0.058955
7.116000,-0.058227
7.118000,-0.063557
7.120000,-0.062457
7.122000,-0.060030
7.124000,-0.064456
7.126000,-0.065376
7.128000,-0.065605
7.130000,-0.068005
7.132000,-0.066832
7.134000,-0.066675
7.136000,-0.068654
7.138000,-0.067855
7.140000,-0.066349
7.142000,-0.067076
7.144000,-0.065483
7.146000,-0.068022
7.148000,-0.069252
7.150000,-0.064523
7.152000,-0.066896
7.154000,-0.066971
7.156000,-0.061923
7.158000,-0.063219
7.160000,-0.069359
7.162000,-0.066443
7.164000,-0.060823
7.166000,-0.065747
7.168000,-0.066468
7.170000,-0.067914
7.172000,-0.066360
7.174000,-0.064952
7.176000,-0.065805
7.178000,-0.069106
7.180000,-0.062721
7.182000,-0.062079
7.184000,-0.063675
7.186000,-0.063437
7.188000,-0.061107
7.190000,-0.065810
7.192000,-0.065791
7.194000,-0.063200
7.196000,-0.060693
7.198000,-0.062005
7.200000,-0.060883
7.202000,-0.062099
7.204000,-0.057420
7.206000,-0.059018
7.208000,-0.056878
7.210000,-0.055435
7.212000,-0.052874
7.214000,-0.049395
7.216000,-0.046975
7.218000,-0.049383
7.220000,-0.040565
7.222000,-0.042634
7.224000,-0.040676
7.226000,-0.037797
7.228000,-0.032285
7.230000,-0.034702
7.232000,-0.031522
7.234000,-0.032148
7.236000,-0.030582
7.238000,-0.025663
7.240000,-0.025513
7.242000,-0.023676
7.244000,-0.018407
7.246000,-0.024359
7.248000,-0.019708
7.250000,-0.015829
7.252000,-0.015265
7.254000,-0.014686
7.256000,-0.012287
7.258000,-0.014586
7.260000,-0.015428
7.262000,-0.010846
7.264000,-0.016093
7.266000,-0.009372
7.268000,-0.010089
7.270000,-0.006680
7.272000,-0.010694
7.274000,-0.011693
7.276000,-0.008133
7.278000,-0.006312
7.280000,-0.005632
7.282000,-0.003841
7.284000,-0.007221
7.286000,-0.006474
7.288000,-0.000925
7.290000,-0.005936
7.292000,0.002553
7.294000,-0.002203
7.296000,-0.000470
7.298000,-0.000923
7.300000,-0.004062
7.302000,-0.002575
7.304000,0.001877
7.306000,0.003856
7.308000,0.005310
7.310000,0.001401
7.312000,0.006640
7.314000,0.009109
7.316000,0.006206
7.318000,0.008284
7.320000,0.003685
7.322000,0.008261
7.324000,0.010306
7.326000,0.009103
7.328000,0.005724
7.330000,0.008202
7.332000,0.009268
7.334000,0.007961
7.336000,0.006370
7.338000,0.008957
7.340000,0.002879
7.342000,0.002766
7.344000,0.008762
7.346000,-0.000340
7.348000,0.004236
7.350000,0.004993
7.352000,0.000916
7.354000,0.004919
7.356000,-0.001207
7.358000,0.002290
7.360000,0.002329
7.362000,0.002634
7.364000,0.000369
7.366000,0.001691
7.368000,-0.000080
7.370000,0.000307
7.372000,0.003475
7.374000,-0.001114
7.376000,0.001782
7.378000,0.001677
7.380000,-0.000333
7.382000,0.004385
7.384000,0.006397
7.386000,0.005675
7.388000,0.004718
7.390000,0.003866
7.392000,0.009983
7.394000,0.012312
7.396000,0.008985
7.398000,0.010631
7.400000,0.010603
7.402000,0.013383
7.404000,0.018339
7.406000,0.017815
7.408000,0.018369
7.410000,0.019378
7.412000,0.019426
7.414000,0.017109
7.416000,0.018848
7.418000,0.018384
7.420000,0.022064
7.422000,0.021245
7.424000,0.022924
7.426000,0.021903
7.428000,0.022351
7.430000,0.024123
7.432000,0.024567
7.434000,0.025360
7.436000,0.026069
7.438000,0.025825
7.440000,0.030124
7.442000,0.031513
7.444000,0.029509
7.446000,0.030879
7.448000,0.030421
7.450000,0.033190
7.452000,0.031687
7.454000,0.033422
7.456000,0.035299
7.458000,0.033935
7.460000,0.040318
7.462000,0.038043
7.464000,0.041212
7.466000,0.043320
7.468000,0.047048
7.470000,0.049631
7.472000,0.051173
7.474000,0.051935
7.476000,0.051452
7.478000,0.057189
7.480000,0.058798
7.482000,0.054693
7.484000,0.063440
7.486000,0.065611
7.488000,0.061282
7.490000,0.063800
7.492000,0.066109
7.494000,0.069070
7.496000,0.066901
7.498000,0.070417
7.500000,0.070799
7.502000,0.071529
7.504000,0.073773
7.506000,0.068205
7.508000,0.067093
7.510000,0.068081
7.512000,0.069852
7.514000,0.068603
7.516000,0.070642
7.518000,0.066857
7.520000,0.067230
7.522000,0.064578
7.524000,0.065890
7.526000,0.066696
7.528000,0.064912
7.530000,0.062308
7.532000,0.064967
7.534000,0.063326
7.536000,0.060581
7.538000,0.061408
7.540000,0.061217
7.542000,0.057623
7.544000,0.058905
7.546000,0.060289
7.548000,0.060336
7.550000,0.055491
7.552000,0.058608
7.554000,0.059123
7.556000,0.059187
7.558000,0.060583
7.560000,0.059538
7.562000,0.056757
7.564000,0.054252
7.566000,0.054983
7.568000,0.053142
7.570000,0.056024
7.572000,0.053405
7.574000,0.050692
7.576000,0.047328
7.578000,0.048095
7.580000,0.046315
7.582000,0.048305
7.584000,0.045012
7.586000,0.042051
7.588000,0.041317
7.590000,0.035723
7.592000,0.033445
7.594000,0.031237
7.596000,0.030678
7.598000,0.022950
7.600000,0.024765
7.602000,0.020336
7.604000,0.018606
7.606000,0.017498
7.608000,0.014440
7.610000,0.016324
7.612000,0.011060
7.614000,0.008543
7.616000,0.012728
7.618000,0.008923
7.620000,0.001499
7.622000,0.002913
7.624000,0.004391
7.626000,0.000812
7.628000,-0.001314
7.630000,-0.000121
7.632000,-0.003100
7.634000,-0.004258
7.636000,-0.006926
7.638000,-0.005038
7.640000,-0.008345
7.642000,-0.004065
7.644000,-0.007204
7.646000,-0.012751
7.648000,-0.008939
7.650000,-0.002631
7.652000,-0.009487
7.654000,-0.014249
7.656000,-0.012598
7.658000,-0.015086
7.660000,-0.013082
7.662000,-0.014442
7.664000,-0.016405
7.666000,-0.011889
7.668000,-0.015909
7.670000,-0.021793
7.672000,-0.017737
7.674000,-0.018226
7.676000,-0.019087
7.678000,-0.019624
7.680000,-0.025517
7.682000,-0.025376
7.684000,-0.025777
7.686000,-0.023306
7.688000,-0.022742
7.690000,-0.024946
7.692000,-0.028160
7.694000,-0.027792
7.696000,-0.027088
7.698000,-0.028947
7.700000,-0.032423
7.702000,-0.025099
7.704000,-0.029329
7.706000,-0.027580
7.708000,-0.027181
7.710000,-0.031923
7.712000,-0.028262
7.714000,-0.027884
7.716000,-0.026086
7.718000,-0.024291
7.720000,-0.022876
7.722000,-0.021974
7.724000,-0.024304
7.726000,-0.021059
7.728000,-0.021298
7.730000,-0.021230
7.732000,-0.018828
7.734000,-0.020139
7.736000,-0.019385
7.738000,-0.017589
7.740000,-0.018904
7.742000,-0.017883
7.744000,-0.018304
7.746000,-0.016986
7.748000,-0.015448
7.750000,-0.018820
7.752000,-0.016921
7.754000,-0.018696
7.756000,-0.018032
7.758000,-0.016113
7.760000,-0.024936
7.762000,-0.019799
7.764000,-0.020705
7.766000,-0.019648
7.768000,-0.025322
7.770000,-0.021656
7.772000,-0.021721
7.774000,-0.027858
7.776000,-0.026442
7.778000,-0.029098
7.780000,-0.028111
7.782000,-0.026430
7.784000,-0.031196
7.786000,-0.026297
7.788000,-0.030893
7.790000,-0.031641
7.792000,-0.030414
7.794000,-0.031516
7.796000,-0.031964
7.798000,-0.029117
7.800000,-0.035478
7.802000,-0.030183
7.804000,-0.033406
7.806000,-0.033746
7.808000,-0.031830
7.810000,-0.032713
7.812000,-0.033663
7.814000,-0.034995
7.816000,-0.034548
7.818000,-0.034107
7.820000,-0.034497
7.822000,-0.038073
7.824000,-0.036426
7.826000,-0.039991
7.828000,-0.034891
7.830000,-0.042179
7.832000,-0.039409
7.834000,-0.044178
7.836000,-0.038407
7.838000,-0.045401
7.840000,-0.043716
7.842000,-0.047243
7.844000,-0.051092
7.846000,-0.051156
7.848000,-0.054041
7.850000,-0.053825
7.852000,-0.054399
7.854000,-0.056786
7.856000,-0.059349
7.858000,-0.060443
7.860000,-0.055924
7.862000,-0.060181
7.864000,-0.060546
7.866000,-0.061231
7.868000,-0.064209
7.870000,-0.064600
7.872000,-0.061930
7.874000,-0.063755
7.876000,-0.068388
7.878000,-0.063384
7.880000,-0.062539
7.882000,-0.063141
7.884000,-0.064619
7.886000,-0.061925
7.888000,-0.058265
7.890000,-0.059313
7.892000,-0.058443
7.894000,-0.064015
7.896000,-0.058828
7.898000,-0.058426
7.900000,-0.056707
7.902000,-0.055640
7.904000,-0.057532
7.906000,-0.053008
7.908000,-0.055635
7.910000,-0.052190
7.912000,-0.052428
7.914000,-0.052340
7.916000,-0.053343
7.918000,-0.049977
7.920000,-0.049898
7.922000,-0.049369
7.924000,-0.049497
7.926000,-0.051642
7.928000,-0.046084
7.930000,-0.044079
7.932000,-0.044740
7.934000,-0.044405
7.936000,-0.046169
7.938000,-0.044197
7.940000,-0.042195
7.942000,-0.041749
7.944000,-0.041892
7.946000,-0.039280
7.948000,-0.036905
7.950000,-0.039366
7.952000,-0.035290
7.954000,-0.030427
7.956000,-0.031029
7.958000,-0.024854
7.960000,-0.024638
7.962000,-0.021631
7.964000,-0.020365
7.966000,-0.014675
7.968000,-0.016925
7.970000,-0.013502
7.972000,-0.010057
7.974000,-0.011516
7.976000,-0.009942
7.978000,-0.005057
7.980000,0.001212
7.982000,0.003493
7.984000,0.002284
7.986000,0.003850
7.988000,0.004698
7.990000,0.009350
7.992000,0.011597
7.994000,0.013642
7.996000,0.010809
7.998000,0.017777
8.000000,0.016285
8.002000,0.019121
8.004000,0.021678
8.006000,0.018887
8.008000,0.023305
8.010000,0.023542
8.012000,0.023293
8.014000,0.027134
8.016000,0.024192
8.018000,0.027485
8.020000,0.022372
8.022000,0.030263
8.024000,0.027446
8.026000,0.026757
8.028000,0.033318
8.030000,0.030380
8.032000,0.031806
8.034000,0.032173
8.036000,0.031618
8.038000,0.032874
8.040000,0.035199
8.042000,0.035011
8.044000,0.037737
8.046000,0.039551
8.048000,0.038005
8.050000,0.036995
8.052000,0.041467
8.054000,0.038753
8.056000,0.038426
8.058000,0.043345
8.060000,0.042092
8.062000,0.046127
8.064000,0.045498
8.066000,0.040820
8.068000,0.042733
8.070000,0.044492
8.072000,0.045300
8.074000,0.047463
8.076000,0.044813
8.078000,0.046428
8.080000,0.043336
8.082000,0.044177
8.084000,0.043828
8.086000,0.042804
8.088000,0.036536
8.090000,0.041034
8.092000,0.040272
8.094000,0.038549
8.096000,0.039494
8.098000,0.036055
8.100000,0.035118
8.102000,0.030415
8.104000,0.033008
8.106000,0.031994
8.108000,0.030624
8.110000,0.033479
8.112000,0.028722
8.114000,0.030307
8.116000,0.031359
8.118000,0.024597
8.120000,0.027870
8.122000,0.028271
8.124000,0.027752
8.126000,0.030255
8.128000,0.028432
8.130000,0.028530
8.132000,0.030188
8.134000,0.028172
8.136000,0.031748
8.138000,0.032662
8.140000,0.032899
8.142000,0.029478
8.144000,0.033165
8.146000,0.031905
8.148000,0.030127
8.150000,0.032696
8.152000,0.036910
8.154000,0.029301
8.156000,0.033175
8.158000,0.034652
8.160000,0.033799
8.162000,0.033366
8.164000,0.030703
8.166000,0.032250
8.168000,0.037323
8.170000,0.033615
8.172000,0.037293
8.174000,0.034491
8.176000,0.030682
8.178000,0.034380
8.180000,0.034641
8.182000,0.035072
8.184000,0.037131
8.186000,0.034798
8.188000,0.035028
8.190000,0.032873
8.192000,0.033767
8.194000,0.031084
8.196000,0.034092
8.198000,0.031625
8.200000,0.035151
8.202000,0.033601
8.204000,0.036154
8.206000,0.038820
8.208000,0.036544
8.210000,0.040470
8.212000,0.039735
8.214000,0.039940
8.216000,0.039315
8.218000,0.039557
8.220000,0.041831
8.222000,0.043376
8.224000,0.045224
8.226000,0.047000
8.228000,0.048496
8.230000,0.048368
8.232000,0.048697
8.234000,0.053147
8.236000,0.053538
8.238000,0.048206
8.240000,0.055150
8.242000,0.053525
8.244000,0.055250
8.246000,0.053398
8.248000,0.054497
8.250000,0.055257
8.252000,0.055072
8.254000,0.053424
8.256000,0.051931
8.258000,0.052675
8.260000,0.051363
8.262000,0.049504
8.264000,0.049830
8.266000,0.046015
8.268000,0.046864
8.270000,0.047086
8.272000,0.045163
8.274000,0.043102
8.276000,0.040801
8.278000,0.043358
8.280000,0.038572
8.282000,0.037553
8.284000,0.042491
8.286000,0.037775
8.288000,0.036110
8.290000,0.035663
8.292000,0.035028
8.294000,0.032297
8.296000,0.032878
8.298000,0.032214
8.300000,0.031215
8.302000,0.034465
8.304000,0.028257
8.306000,0.033528
8.308000,0.025740
8.310000,0.028163
8.312000,0.028371
8.314000,0.022107
8.316000,0.024405
8.318000,0.025076
8.320000,0.019546
8.322000,0.017891
8.324000,0.015709
8.326000,0.015458
8.328000,0.015248
8.330000,0.014474
8.332000,0.009906
8.334000,0.011520
8.336000,0.002192
8.338000,0.001804
8.340000,0.001758
8.342000,-0.003479
8.344000,-0.004616
8.346000,-0.006843
8.348000,-0.010204
8.350000,-0.009462
8.352000,-0.014595
8.354000,-0.018851
8.356000,-0.020389
8.358000,-0.021056
8.360000,-0.024824
8.362000,-0.021510
8.364000,-0.031088
8.366000,-0.025569
8.368000,-0.032371
8.370000,-0.032034
8.372000,-0.033778
8.374000,-0.039162
8.376000,-0.042322
8.378000,-0.039191
8.380000,-0.042934
8.382000,-0.042907
8.384000,-0.043392
8.386000,-0.041961
8.388000,-0.044255
8.390000,-0.045373
8.392000,-0.042785
8.394000,-0.046841
8.396000,-0.045939
8.398000,-0.046421
8.400000,-0.045985
8.402000,-0.050591
8.404000,-0.047597
8.406000,-0.047975
8.408000,-0.044208
8.410000,-0.049409
8.412000,-0.048857
8.414000,-0.047684
8.416000,-0.052302
8.418000,-0.051062
8.420000,-0.048394
8.422000,-0.051576
8.424000,-0.053999
8.426000,-0.053582
8.428000,-0.051910
8.430000,-0.053767
8.432000,-0.056997
8.434000,-0.057032
8.436000,-0.059672
8.438000,-0.060052
8.440000,-0.059800
8.442000,-0.058316
8.444000,-0.058970
8.446000,-0.059705
8.448000,-0.057814
8.450000,-0.058679
8.452000,-0.059830
8.454000,-0.057311
8.456000,-0.056805
8.458000,-0.057549
8.460000,-0.051158
8.462000,-0.053637
8.464000,-0.051248
8.466000,-0.051448
8.468000,-0.051773
8.470000,-0.046942
8.472000,-0.043576
8.474000,-0.048508
8.476000,-0.043450
8.478000,-0.039843
8.480000,-0.039663
8.482000,-0.040900
8.484000,-0.034792
8.486000,-0.038775
8.488000,-0.033918
8.490000,-0.038839
8.492000,-0.036172
8.494000,-0.035829
8.496000,-0.034196
8.498000,-0.030871
8.500000,-0.031635
8.502000,-0.032652
8.504000,-0.031026
8.506000,-0.030278
8.508000,-0.029910
8.510000,-0.027851
8.512000,-0.029482
8.514000,-0.027883
8.516000,-0.030607
8.518000,-0.033615
8.520000,-0.031480
8.522000,-0.032982
8.524000,-0.034429
8.526000,-0.034106
8.528000,-0.029005
8.530000,-0.030369
8.532000,-0.035304
8.534000,-0.032669
8.536000,-0.029539
8.538000,-0.030196
8.540000,-0.031153
8.542000,-0.027825
8.544000,-0.032204
8.546000,-0.030815
8.548000,-0.031727
8.550000,-0.029830
8.552000,-0.030724
8.554000,-0.027560
8.556000,-0.026309
8.558000,-0.024177
8.560000,-0.025409
8.562000,-0.028702
8.564000,-0.025556
8.566000,-0.025908
8.568000,-0.025258
8.570000,-0.026888
8.572000,-0.027780
8.574000,-0.025024
8.576000,-0.025651
8.578000,-0.027178
8.580000,-0.022971
8.582000,-0.026848
8.584000,-0.027222
8.586000,-0.026739
8.588000,-0.026167
8.590000,-0.028732
8.592000,-0.030679
8.594000,-0.032415
8.596000,-0.032137
8.598000,-0.031870
8.600000,-0.031582
8.602000,-0.032362
8.604000,-0.033995
8.606000,-0.038267
8.608000,-0.035969
8.610000,-0.038357
8.612000,-0.038493
8.614000,-0.037520
8.616000,-0.038376
8.618000,-0.037848
8.620000,-0.040471
8.622000,-0.039252
8.624000,-0.040781
8.626000,-0.036313
8.628000,-0.036860
8.630000,-0.034195
8.632000,-0.034743
8.634000,-0.034818
8.636000,-0.036383
8.638000,-0.033023
8.640000,-0.029031
8.642000,-0.026945
8.644000,-0.029113
8.646000,-0.028395
8.648000,-0.029159
8.650000,-0.026538
8.652000,-0.020158
8.654000,-0.024301
8.656000,-0.019661
8.658000,-0.014447
8.660000,-0.019300
8.662000,-0.016786
8.664000,-0.017965
8.666000,-0.015953
8.668000,-0.016882
8.670000,-0.014795
8.672000,-0.013101
8.674000,-0.011228
8.676000,-0.010491
8.678000,-0.009411
8.680000,-0.006297
8.682000,-0.005026
8.684000,-0.009151
8.686000,-0.009969
8.688000,-0.008376
8.690000,-0.005699
8.692000,-0.004486
8.694000,-0.002613
8.696000,0.000985
8.698000,0.001690
8.700000,0.004287
8.702000,0.004369
8.704000,0.006173
8.706000,0.010740
8.708000,0.012119
8.710000,0.010723
8.712000,0.013643
8.714000,0.016707
8.716000,0.022645
8.718000,0.018670
8.720000,0.025494
8.722000,0.025203
8.724000,0.032695
8.726000,0.034926
8.728000,0.034727
8.730000,0.033774
8.732000,0.039010
8.734000,0.041850
8.736000,0.042592
8.738000,0.046374
8.740000,0.046602
8.742000,0.048646
8.744000,0.050316
8.746000,0.050867
8.748000,0.048502
8.750000,0.054788
8.752000,0.057308
8.754000,0.056349
8.756000,0.053098
8.758000,0.054282
8.760000,0.054813
8.762000,0.054682
8.764000,0.055821
8.766000,0.053457
8.768000,0.060152
8.770000,0.058458
8.772000,0.059811
8.774000,0.060726
8.776000,0.058860
8.778000,0.058774
8.780000,0.059531
8.782000,0.060330
8.784000,0.058410
8.786000,0.060379
8.788000,0.061216
8.790000,0.060052
8.792000,0.064102
8.794000,0.062124
8.796000,0.063451
8.798000,0.061545
8.800000,0.062637
8.802000,0.061336
8.804000,0.067509
8.806000,0.065482
8.808000,0.063323
8.810000,0.064285
8.812000,0.063808
8.814000,0.063454
8.816000,0.065594
8.818000,0.066507
8.820000,0.065513
8.822000,0.063959
8.824000,0.061397
8.826000,0.063602
8.828000,0.062099
8.830000,0.056283
8.832000,0.062131
8.834000,0.057937
8.836000,0.056014
8.838000,0.055865
8.840000,0.050388
8.842000,0.051545
8.844000,0.051001
8.846000,0.048838
8.848000,0.048599
8.850000,0.041766
8.852000,0.043592
8.854000,0.041643
8.856000,0.034779
8.858000,0.041448
8.860000,0.041965
8.862000,0.038168
8.864000,0.030617
8.866000,0.032420
8.868000,0.032242
8.870000,0.030041
8.872000,0.032157
8.874000,0.028183
8.876000,0.027709
8.878000,0.028219
8.880000,0.027729
8.882000,0.025799
8.884000,0.027659
8.886000,0.026226
8.888000,0.026221
8.890000,0.027263
8.892000,0.027130
8.894000,0.021973
8.896000,0.024794
8.898000,0.024081
8.900000,0.026080
8.902000,0.021418
8.904000,0.021773
8.906000,0.023838
8.908000,0.016774
8.910000,0.017799
8.912000,0.021443
8.914000,0.021874
8.916000,0.018277
8.918000,0.019730
8.920000,0.018727
8.922000,0.015088
8.924000,0.014443
8.926000,0.016762
8.928000,0.015625
8.930000,0.013958
8.932000,0.012521
8.934000,0.015836
8.936000,0.012746
8.938000,0.013634
8.940000,0.011685
8.942000,0.009098
8.944000,0.006454
8.946000,0.011143
8.948000,0.010612
8.950000,0.007973
8.952000,0.011503
8.954000,0.007841
8.956000,0.008537
8.958000,0.014604
8.960000,0.011812
8.962000,0.011948
8.964000,0.007173
8.966000,0.017540
8.968000,0.014913
8.970000,0.015718
8.972000,0.014601
8.974000,0.015447
8.976000,0.014201
8.978000,0.013429
8.980000,0.017187
8.982000,0.017017
8.984000,0.019036
8.986000,0.017792
8.988000,0.017854
8.990000,0.016851
8.992000,0.021166
8.994000,0.018492
8.996000,0.019741
8.998000,0.016696
9.000000,0.018710
9.002000,0.016787
9.004000,0.011712
9.006000,0.013907
9.008000,0.019980
9.010000,0.012412
9.012000,0.013312
9.014000,0.009386
9.016000,0.013710
9.018000,0.008530
9.020000,0.007904
9.022000,0.005289
9.024000,0.007901
9.026000,0.004765
9.028000,0.001792
9.030000,0.001902
9.032000,-0.000431
9.034000,0.001692
9.036000,0.001407
9.038000,-0.002325
9.040000,0.002621
9.042000,0.000716
9.044000,-0.002589
9.046000,-0.005715
9.048000,-0.007465
9.050000,-0.003933
9.052000,-0.007942
9.054000,-0.007294
9.056000,-0.011063
9.058000,-0.008077
9.060000,-0.015161
9.062000,-0.012272
9.064000,-0.011417
9.066000,-0.011309
9.068000,-0.014876
9.070000,-0.013285
9.072000,-0.014989
9.074000,-0.024420
9.076000,-0.021938
9.078000,-0.024877
9.080000,-0.022715
9.082000,-0.025116
9.084000,-0.027273
9.086000,-0.029153
9.088000,-0.028792
9.090000,-0.036025
9.092000,-0.034976
9.094000,-0.038890
9.096000,-0.041415
9.098000,-0.041422
9.100000,-0.042333
9.102000,-0.042640
9.104000,-0.048605
9.106000,-0.051063
9.108000,-0.047771
9.110000,-0.055027
9.112000,-0.052757
9.114000,-0.059827
9.116000,-0.055949
9.118000,-0.060816
9.120000,-0.062182
9.122000,-0.062915
9.124000,-0.062284
9.126000,-0.066883
9.128000,-0.062571
9.130000,-0.067174
9.132000,-0.068738
9.134000,-0.065861
9.136000,-0.062881
9.138000,-0.066166
9.140000,-0.070785
9.142000,-0.066175
9.144000,-0.064283
9.146000,-0.066870
9.148000,-0.065199
9.150000,-0.067407
9.152000,-0.066460
9.154000,-0.068473
9.156000,-0.068123
9.158000,-0.064925
9.160000,-0.065896
9.162000,-0.063755
9.164000,-0.064391
9.166000,-0.065249
9.168000,-0.066638
9.170000,-0.065780
9.172000,-0.067341
9.174000,-0.066988
9.176000,-0.066667
9.178000,-0.066368
9.180000,-0.063710
9.182000,-0.068224
9.184000,-0.065421
9.186000,-0.063185
9.188000,-0.063662
9.190000,-0.062568
9.192000,-0.062482
9.194000,-0.061220
9.196000,-0.062720
9.198000,-0.063038
9.200000,-0.057109
9.202000,-0.058423
9.204000,-0.056042
9.206000,-0.056087
9.208000,-0.054074
9.210000,-0.053664
9.212000,-0.050140
9.214000,-0.053097
9.216000,-0.047097
9.218000,-0.047030
9.220000,-0.044954
9.222000,-0.041926
9.224000,-0.038790
9.226000,-0.037189
9.228000,-0.037213
9.230000,-0.036323
9.232000,-0.025664
9.234000,-0.030653
9.236000,-0.022722
9.238000,-0.031016
9.240000,-0.024682
9.242000,-0.018769
9.244000,-0.017520
9.246000,-0.019940
9.248000,-0.018393
9.250000,-0.018261
9.252000,-0.014325
9.254000,-0.020944
9.256000,-0.014619
9.258000,-0.015033
9.260000,-0.015380
9.262000,-0.011816
9.264000,-0.012941
9.266000,-0.008517
9.268000,-0.010563
9.270000,-0.011499
9.272000,-0.011543
9.274000,-0.006052
9.276000,-0.008945
9.278000,-0.008247
9.280000,-0.009988
9.282000,-0.006835
9.284000,-0.007315
9.286000,-0.006316
9.288000,-0.007819
9.290000,-0.001061
9.292000,-0.001586
9.294000,-0.004430
9.296000,-0.002960
9.298000,0.001073
9.300000,0.001017
9.302000,0.000875
9.304000,0.001265
9.306000,0.000482
9.308000,0.005869
9.310000,0.004728
9.312000,0.006294
9.314000,0.004016
9.316000,0.007991
9.318000,0.007501
9.320000,0.005589
9.322000,0.008830
9.324000,0.008138
9.326000,0.011084
9.328000,0.006638
9.330000,0.010218
9.332000,0.006980
9.334000,0.009060
9.336000,0.007535
9.338000,0.006869
9.340000,0.006920
9.342000,0.005699
9.344000,0.005632
9.346000,0.002453
9.348000,0.004128
9.350000,0.003932
9.352000,0.004720
9.354000,0.001965
9.356000,0.002344
9.358000,0.000428
9.360000,0.000764
9.362000,0.000612
9.364000,-0.000640
9.366000,0.002374
9.368000,-0.002192
9.370000,-0.001097
9.372000,0.001310
9.374000,0.005551
9.376000,0.002963
9.378000,-0.000662
9.380000,0.003330
9.382000,0.000989
9.384000,0.002600
9.386000,0.007305
9.388000,0.008363
9.390000,0.008448
9.392000,0.011660
9.394000,0.008526
9.396000,0.012333
9.398000,0.010166
9.400000,0.008207
9.402000,0.015771
9.404000,0.013443
9.406000,0.015598
9.408000,0.017799
9.410000,0.015447
9.412000,0.017102
9.414000,0.018841
9.416000,0.019498
9.418000,0.024549
9.420000,0.022692
9.422000,0.022441
9.424000,0.025398
9.426000,0.024647
9.428000,0.018721
9.430000,0.025616
9.432000,0.024250
9.434000,0.024216
9.436000,0.026289
9.438000,0.025635
9.440000,0.026056
9.442000,0.029197
9.444000,0.033377
9.446000,0.031261
9.448000,0.030393
9.450000,0.026725
9.452000,0.031017
9.454000,0.034347
9.456000,0.036747
9.458000,0.039954
9.460000,0.038343
9.462000,0.041465
9.464000,0.045092
9.466000,0.044200
9.468000,0.050795
9.470000,0.050391
9.472000,0.050129
9.474000,0.053960
9.476000,0.055487
9.478000,0.056498
9.480000,0.054288
9.482000,0.055659
9.484000,0.058789
9.486000,0.062957
9.488000,0.062841
9.490000,0.062275
9.492000,0.066258
9.494000,0.069669
9.496000,0.069628
9.498000,0.067240
9.500000,0.066201
9.502000,0.070734
9.504000,0.067535
9.506000,0.071552
9.508000,0.070895
9.510000,0.065500
9.512000,0.068843
9.514000,0.069636
9.516000,0.070296
9.518000,0.069333
9.520000,0.065337
9.522000,0.068207
9.524000,0.063611
9.526000,0.060191
9.528000,0.064588
9.530000,0.065936
9.532000,0.060785
9.534000,0.062114
9.536000,0.060771
9.538000,0.060817
9.540000,0.059454
9.542000,0.058504
9.544000,0.059480
9.546000,0.060570
9.548000,0.060497
9.550000,0.057426
9.552000,0.058730
9.554000,0.059842
9.556000,0.057176
9.558000,0.054009
9.560000,0.056310
9.562000,0.054638
9.564000,0.051953
9.566000,0.054205
9.568000,0.049501
9.570000,0.050703
9.572000,0.048931
9.574000,0.047670
9.576000,0.046017
9.578000,0.046427
9.580000,0.046187
9.582000,0.044510
9.584000,0.040979
9.586000,0.037394
9.588000,0.036752
9.590000,0.032483
9.592000,0.035133
9.594000,0.030258
9.596000,0.026496
9.598000,0.025818
9.600000,0.025472
9.602000,0.022359
9.604000,0.019057
9.606000,0.016406
9.608000,0.013401
9.610000,0.014054
9.612000,0.011419
9.614000,0.005137
9.616000,0.007870
9.618000,0.004644
9.620000,0.003065
9.622000,0.003140
9.624000,0.002033
9.626000,0.001396
9.628000,-0.003523
9.630000,0.000027
9.632000,-0.001678
9.634000,-0.002628
9.636000,-0.004075
9.638000,-0.004528
9.640000,-0.002799
9.642000,-0.007357
9.644000,-0.007001
9.646000,-0.008069
9.648000,-0.007273
9.650000,-0.007865
9.652000,-0.009934
9.654000,-0.009434
9.656000,-0.009794
9.658000,-0.007867
9.660000,-0.010568
9.662000,-0.009020
9.664000,-0.010619
9.666000,-0.008291
9.668000,-0.011377
9.670000,-0.015394
9.672000,-0.010897
9.674000,-0.013040
9.676000,-0.015843
9.678000,-0.013306
9.680000,-0.015502
9.682000,-0.017074
9.684000,-0.017213
9.686000,-0.016812
9.688000,-0.016720
9.690000,-0.018747
9.692000,-0.018418
9.694000,-0.018790
9.696000,-0.017058
9.698000,-0.019193
9.700000,-0.017439
9.702000,-0.017395
9.704000,-0.016830
9.706000,-0.017764
9.708000,-0.015825
9.710000,-0.016941
9.712000,-0.015975
9.714000,-0.017369
9.716000,-0.017877
9.718000,-0.012600
9.720000,-0.014119
9.722000,-0.013747
9.724000,-0.013056
9.726000,-0.011816
9.728000,-0.011693
9.730000,-0.012344
9.732000,-0.010471
9.734000,-0.011288
9.736000,-0.009548
9.738000,-0.009503
9.740000,-0.009356
9.742000,-0.008449
9.744000,-0.007007
9.746000,-0.008407
9.748000,-0.008488
9.750000,-0.009022
9.752000,-0.008572
9.754000,-0.008915
9.756000,-0.008442
9.758000,-0.008107
9.760000,-0.007175
9.762000,-0.009721
9.764000,-0.007880
9.766000,-0.010055
9.768000,-0.010873
9.770000,-0.010103
9.772000,-0.008826
9.774000,-0.009851
9.776000,-0.008706
9.778000,-0.010340
9.780000,-0.011409
9.782000,-0.012583
9.784000,-0.011002
9.786000,-0.010811
9.788000,-0.010523
9.790000,-0.012262
9.792000,-0.010639
9.794000,-0.008994
9.796000,-0.011077
9.798000,-0.010866
9.800000,-0.010481
9.802000,-0.010760
9.804000,-0.011305
9.806000,-0.010874
9.808000,-0.010633
9.810000,-0.010375
9.812000,-0.009571
9.814000,-0.010729
9.816000,-0.009871
9.818000,-0.009993
9.820000,-0.010324
9.822000,-0.009963
9.824000,-0.009109
9.826000,-0.009319
9.828000,-0.010475
9.830000,-0.009603
9.832000,-0.009865
9.834000,-0.009860
9.836000,-0.010436
9.838000,-0.011061
9.840000,-0.010445
9.842000,-0.010066
9.844000,-0.010673
9.846000,-0.010793
9.848000,-0.010666
9.850000,-0.011085
9.852000,-0.010695
9.854000,-0.010915
9.856000,-0.010783
9.858000,-0.011076
9.860000,-0.010227
9.862000,-0.010995
9.864000,-0.010805
9.866000,-0.010104
9.868000,-0.010258
9.870000,-0.009635
9.872000,-0.009439
9.874000,-0.010053
9.876000,-0.008745
9.878000,-0.008886
9.880000,-0.008473
9.882000,-0.008088
9.884000,-0.008268
9.886000,-0.006938
9.888000,-0.007224
9.890000,-0.007489
9.892000,-0.006672
9.894000,-0.006314
9.896000,-0.005958
9.898000,-0.005575
9.900000,-0.005422
9.902000,-0.004914
9.904000,-0.004786
9.906000,-0.004507
9.908000,-0.004267
9.910000,-0.003991
9.912000,-0.003905
9.914000,-0.003566
9.916000,-0.003463
9.918000,-0.003254
9.920000,-0.003015
9.922000,-0.002878
9.924000,-0.002421
9.926000,-0.002312
9.928000,-0.002398
9.930000,-0.002016
9.932000,-0.001921
9.934000,-0.001587
9.936000,-0.001763
9.938000,-0.001443
9.940000,-0.001363
9.942000,-0.001270
9.944000,-0.001179
9.946000,-0.001041
9.948000,-0.000801
9.950000,-0.000762
9.952000,-0.000657
9.954000,-0.000543
9.956000,-0.000519
9.958000,-0.000490
9.960000,-0.000367
9.962000,-0.000305
9.964000,-0.000237
9.966000,-0.000217
9.968000,-0.000150
9.970000,-0.000110
9.972000,-0.000075
9.974000,-0.000028
9.976000,-0.000027
9.978000,-0.000017
9.980000,-0.000003
9.982000,-0.000005
9.984000,0.000006
9.986000,0.000007
9.988000,0.000008
9.990000,0.000005
9.992000,0.000004
9.994000,0.000001
9.996000,0.000000
9.998000,0.000000
